{"id":1926545,"items":[{"id":1926546,"status":2,"title":"Page 6","order":0,"templateKey":null,"pageLinks":[]},{"id":1926547,"status":2,"title":"Login Template","order":0,"templateKey":"login","pageLinks":[]},{"id":1926548,"status":2,"title":"Post Template","order":0,"templateKey":"post","pageLinks":[]},{"id":1926549,"status":2,"title":"Blog Template","order":0,"templateKey":"blog","pageLinks":[]},{"id":1926550,"status":2,"title":"Product List Template","order":0,"templateKey":"products","pageLinks":[]},{"id":1926551,"status":2,"title":"404 Not Found Template","order":0,"templateKey":"404","pageLinks":[]},{"id":1926552,"status":2,"title":"Shopping Cart Template","order":0,"templateKey":"cart","pageLinks":[]},{"id":1926553,"status":2,"title":"Product Details Template","order":0,"templateKey":"product","pageLinks":[]}],"metaTags":null,"order":"0","headHtml":null,"customCss":null,"headerHtml":"<section class=\"u-clearfix u-header u-block-924a-1\" custom-posts-hash=\"[]\" data-style=\"header-logo-social-icons-menu-button-right\" data-section-properties=\"{&quot;grid-spacing&quot;:&quot;0&quot;,&quot;align&quot;:&quot;left&quot;,&quot;stretch&quot;:true}\" id=\"sec-61a4\" data-source=\"\" data-id=\"924a\" data-post-id=\"2490042901\">\n  <div class=\"u-clearfix u-sheet u-block-924a-2\">\n    <nav class=\"u-align-left u-menu u-menu-dropdown u-offcanvas u-block-924a-3\" data-responsive-from=\"XL\">\n      <div class=\"menu-collapse\" style=\"font-size: 1rem;\">\n        <a class=\"u-button-style u-nav-link\" href=\"#\" style=\"padding: 4px 0px; font-size: calc(1em + 8px);\">\n          <svg class=\"u-svg-link\" preserveAspectRatio=\"xMidYMin slice\" viewBox=\"0 0 302 302\" style=\"\"><use xlink:href=\"#svg-8a8f\"></use></svg>\n          <svg xmlns=\"http://www.w3.org/2000/svg\" xmlns:xlink=\"http://www.w3.org/1999/xlink\" version=\"1.1\" id=\"svg-8a8f\" x=\"0px\" y=\"0px\" viewBox=\"0 0 302 302\" style=\"enable-background:new 0 0 302 302;\" xml:space=\"preserve\" class=\"u-svg-content\"><g><rect y=\"36\" width=\"302\" height=\"30\"></rect><rect y=\"236\" width=\"302\" height=\"30\"></rect><rect y=\"136\" width=\"302\" height=\"30\"></rect>\n</g><g></g><g></g><g></g><g></g><g></g><g></g><g></g><g></g><g></g><g></g><g></g><g></g><g></g><g></g><g></g></svg>\n        </a>\n      </div>\n      <div class=\"u-custom-menu u-nav-container\" wfd-invisible=\"true\">\n        <ul class=\"u-nav u-unstyled u-block-924a-24\"><li class=\"u-nav-item\"><a class=\"u-button-style u-nav-link u-text-active-palette-1-base u-text-hover-palette-2-base\" href=\"/Page-1.html\" data-page-id=\"72578\" style=\"padding: 10px 20px;\">Page 1</a><div class=\"fake u-nav-popup u-block-924a-29\" wfd-invisible=\"true\"><ul class=\"u-h-spacing-20 u-nav u-unstyled u-v-spacing-10 u-block-924a-25\"><li class=\"u-nav-item\"><a class=\"u-button-style u-nav-link u-white\" href=\"#\">Menu Item1</a></li><li class=\"u-nav-item\"><a class=\"u-button-style u-nav-link u-white\" href=\"#\">Menu Item2</a></li><li class=\"u-nav-item\"><a class=\"u-button-style u-nav-link u-white\" href=\"#\">Menu Item3</a></li></ul></div></li><li class=\"u-nav-item\"><a class=\"u-button-style u-nav-link u-text-active-palette-1-base u-text-hover-palette-2-base\" href=\"/Page-2.html\" data-page-id=\"72581\" style=\"padding: 10px 20px;\">Page 2</a></li><li class=\"u-nav-item\"><a class=\"u-button-style u-nav-link u-text-active-palette-1-base u-text-hover-palette-2-base\" href=\"/Page-3.html\" data-page-id=\"494014\" style=\"padding: 10px 20px;\">Page 3</a></li><li class=\"u-nav-item\"><a class=\"u-button-style u-nav-link u-text-active-palette-1-base u-text-hover-palette-2-base\" href=\"/Page-4.html\" data-page-id=\"494019\" style=\"padding: 10px 20px;\">Page 4</a></li><li class=\"u-nav-item\"><a class=\"u-button-style u-nav-link u-text-active-palette-1-base u-text-hover-palette-2-base\" href=\"/Page-5.html\" data-page-id=\"494050\" style=\"padding: 10px 20px;\">Page 5</a></li><li class=\"u-nav-item\"><a class=\"u-button-style u-nav-link u-text-active-palette-1-base u-text-hover-palette-2-base\" href=\"/Page-6.html\" data-page-id=\"494212\" style=\"padding: 10px 20px;\">Page 6</a></li><li class=\"u-nav-item\"><a class=\"u-button-style u-nav-link u-text-active-palette-1-base u-text-hover-palette-2-base\" href=\"/Page-7.html\" data-page-id=\"494224\" style=\"padding: 10px 20px;\">Page 7</a></li><li class=\"u-nav-item\"><a class=\"u-button-style u-nav-link u-text-active-palette-1-base u-text-hover-palette-2-base\" href=\"/Page-8.html\" data-page-id=\"494254\" style=\"padding: 10px 20px;\">Page 8</a></li><li class=\"u-nav-item\"><a class=\"u-button-style u-nav-link u-text-active-palette-1-base u-text-hover-palette-2-base\" href=\"/Page-9.html\" data-page-id=\"494293\" style=\"padding: 10px 20px;\">Page 9</a></li><li class=\"u-nav-item\"><a class=\"u-button-style u-nav-link u-text-active-palette-1-base u-text-hover-palette-2-base\" href=\"/Page-10.html\" data-page-id=\"494396\" style=\"padding: 10px 20px;\">Page 10</a></li><li class=\"u-nav-item\"><a class=\"u-button-style u-nav-link u-text-active-palette-1-base u-text-hover-palette-2-base\" href=\"/Page-11.html\" data-page-id=\"494967\" style=\"padding: 10px 20px;\">Page 11</a></li></ul>\n      </div>\n      <div class=\"u-custom-menu u-nav-container-collapse\">\n        <div class=\"u-align-center u-black u-container-style u-inner-container-layout u-opacity u-opacity-95 u-sidenav u-block-924a-5\">\n          <div class=\"u-inner-container-layout u-sidenav-overflow\">\n            <div class=\"u-menu-close u-block-924a-6\"></div>\n            <ul class=\"u-align-center u-nav u-popupmenu-items u-unstyled u-block-924a-7\">\n            \n          <li class=\"u-nav-item\">\n              <a class=\"u-button-style u-nav-link\" href=\"/Page-1.html\" data-page-id=\"72578\">Page 1</a>\n              \n            <div class=\"fake u-nav-popup u-block-924a-30\" wfd-invisible=\"true\">\n                <ul class=\"u-h-spacing-20 u-nav u-unstyled u-v-spacing-10 u-block-924a-17\">\n                  <li class=\"u-nav-item\">\n                    <a class=\"u-button-style u-nav-link u-white\">Menu Item 1</a>\n                  </li>\n                  <li class=\"u-nav-item\">\n                    <a class=\"u-button-style u-nav-link u-white\">Menu Item 2</a>\n                  </li>\n                  <li class=\"u-nav-item\">\n                    <a class=\"u-button-style u-nav-link u-white\">Menu Item 3</a>\n                  </li>\n                </ul>\n              </div></li><li class=\"u-nav-item\">\n              <a class=\"u-button-style u-nav-link\" href=\"/Page-2.html\" data-page-id=\"72581\">Page 2</a>\n              \n            </li><li class=\"u-nav-item\">\n              <a class=\"u-button-style u-nav-link\" href=\"/Page-3.html\" data-page-id=\"494014\">Page 3</a>\n              \n            </li><li class=\"u-nav-item\">\n              <a class=\"u-button-style u-nav-link\" href=\"/Page-4.html\" data-page-id=\"494019\">Page 4</a>\n              \n            </li><li class=\"u-nav-item\">\n              <a class=\"u-button-style u-nav-link\" href=\"/Page-5.html\" data-page-id=\"494050\">Page 5</a>\n              \n            </li></ul>\n          </div>\n        </div>\n        <div class=\"u-black u-menu-overlay u-opacity u-opacity-70\" wfd-invisible=\"true\"></div>\n      </div>\n    </nav>\n    <div class=\"u-social-icons u-spacing-10 u-block-924a-8\"><a class=\"u-social-url\" title=\"facebook\" target=\"_blank\" href=\"\"><span class=\"u-icon u-icon-circle u-social-facebook u-social-icon u-block-924a-26\"><svg class=\"u-svg-link\" preserveAspectRatio=\"xMidYMin slice\" viewBox=\"0 0 112 112\" style=\"\"><use xlink:href=\"#svg-0587\"></use></svg><svg xmlns=\"http://www.w3.org/2000/svg\" xmlns:xlink=\"http://www.w3.org/1999/xlink\" version=\"1.1\" xml:space=\"preserve\" class=\"u-svg-content\" viewBox=\"0 0 112 112\" x=\"0\" y=\"0\" id=\"svg-0587\" data-color=\"#3b5998\"><circle fill=\"currentColor\" cx=\"56.1\" cy=\"56.1\" r=\"55\"></circle><path fill=\"#FFFFFF\" d=\"M73.5,31.6h-9.1c-1.4,0-3.6,0.8-3.6,3.9v8.5h12.6L72,58.3H60.8v40.8H43.9V58.3h-8V43.9h8v-9.2\n            c0-6.7,3.1-17,17-17h12.5v13.9H73.5z\"></path></svg></span></a><a class=\"u-social-url\" title=\"twitter\" target=\"_blank\" href=\"\"><span class=\"u-icon u-icon-circle u-social-icon u-social-twitter u-block-924a-27\"><svg class=\"u-svg-link\" preserveAspectRatio=\"xMidYMin slice\" viewBox=\"0 0 112 112\" style=\"\"><use xlink:href=\"#svg-d138\"></use></svg><svg xmlns=\"http://www.w3.org/2000/svg\" xmlns:xlink=\"http://www.w3.org/1999/xlink\" version=\"1.1\" xml:space=\"preserve\" class=\"u-svg-content\" viewBox=\"0 0 112 112\" x=\"0\" y=\"0\" id=\"svg-d138\" data-color=\"#55acee\"><circle fill=\"currentColor\" class=\"st0\" cx=\"56.1\" cy=\"56.1\" r=\"55\"></circle><path fill=\"#FFFFFF\" d=\"M83.8,47.3c0,0.6,0,1.2,0,1.7c0,17.7-13.5,38.2-38.2,38.2C38,87.2,31,85,25,81.2c1,0.1,2.1,0.2,3.2,0.2\n            c6.3,0,12.1-2.1,16.7-5.7c-5.9-0.1-10.8-4-12.5-9.3c0.8,0.2,1.7,0.2,2.5,0.2c1.2,0,2.4-0.2,3.5-0.5c-6.1-1.2-10.8-6.7-10.8-13.1\n            c0-0.1,0-0.1,0-0.2c1.8,1,3.9,1.6,6.1,1.7c-3.6-2.4-6-6.5-6-11.2c0-2.5,0.7-4.8,1.8-6.7c6.6,8.1,16.5,13.5,27.6,14\n            c-0.2-1-0.3-2-0.3-3.1c0-7.4,6-13.4,13.4-13.4c3.9,0,7.3,1.6,9.8,4.2c3.1-0.6,5.9-1.7,8.5-3.3c-1,3.1-3.1,5.8-5.9,7.4\n            c2.7-0.3,5.3-1,7.7-2.1C88.7,43,86.4,45.4,83.8,47.3z\"></path></svg></span></a><a class=\"u-social-url\" title=\"instagram\" target=\"_blank\" href=\"\"><span class=\"u-icon u-icon-circle u-social-icon u-social-instagram u-block-924a-28\"><svg class=\"u-svg-link\" preserveAspectRatio=\"xMidYMin slice\" viewBox=\"0 0 112 112\" style=\"\"><use xlink:href=\"#svg-4ab2\"></use></svg><svg xmlns=\"http://www.w3.org/2000/svg\" xmlns:xlink=\"http://www.w3.org/1999/xlink\" version=\"1.1\" xml:space=\"preserve\" class=\"u-svg-content\" viewBox=\"0 0 112 112\" x=\"0\" y=\"0\" id=\"svg-4ab2\" data-color=\"#c536a4\"><circle fill=\"currentColor\" cx=\"56.1\" cy=\"56.1\" r=\"55\"></circle><path fill=\"#FFFFFF\" d=\"M55.9,38.2c-9.9,0-17.9,8-17.9,17.9C38,66,46,74,55.9,74c9.9,0,17.9-8,17.9-17.9C73.8,46.2,65.8,38.2,55.9,38.2\n            z M55.9,66.4c-5.7,0-10.3-4.6-10.3-10.3c-0.1-5.7,4.6-10.3,10.3-10.3c5.7,0,10.3,4.6,10.3,10.3C66.2,61.8,61.6,66.4,55.9,66.4z\"></path><path fill=\"#FFFFFF\" d=\"M74.3,33.5c-2.3,0-4.2,1.9-4.2,4.2s1.9,4.2,4.2,4.2s4.2-1.9,4.2-4.2S76.6,33.5,74.3,33.5z\"></path><path fill=\"#FFFFFF\" d=\"M73.1,21.3H38.6c-9.7,0-17.5,7.9-17.5,17.5v34.5c0,9.7,7.9,17.6,17.5,17.6h34.5c9.7,0,17.5-7.9,17.5-17.5V38.8\n            C90.6,29.1,82.7,21.3,73.1,21.3z M83,73.3c0,5.5-4.5,9.9-9.9,9.9H38.6c-5.5,0-9.9-4.5-9.9-9.9V38.8c0-5.5,4.5-9.9,9.9-9.9h34.5\n            c5.5,0,9.9,4.5,9.9,9.9V73.3z\"></path></svg></span></a></div>\n    \n  </div>\n  <style data-mode=\"XL\" data-visited=\"true\" wfd-invisible=\"true\">@media (min-width: 1200px){ .u-block-924a-1 {background-image: none}\n.u-block-924a-2 {min-height: 77px}\n.u-block-924a-3 {margin-top: 23.3594px; margin-right: 0px; margin-bottom: initial; margin-left: auto}\n.u-block-924a-24 {font-size: 1rem}\n.u-block-924a-25 {font-size: 1rem}\n.u-block-924a-7 {font-size: 1rem}\n.u-block-924a-17 {font-size: 1rem}\n.u-block-924a-8 {white-space: nowrap; height: 23.625px; min-height: 16px; width: 90.875px; min-width: 68px; margin-top: -27.8125px; margin-right: 67px; margin-bottom: 25.8282px; margin-left: auto}\n.u-block-924a-26 {color: rgb(59, 89, 152) !important}\n.u-block-924a-27 {color: rgb(85, 172, 238) !important}\n.u-block-924a-28 {color: rgb(197, 54, 164) !important} }</style>\n  <style data-mode=\"LG\" data-visited=\"true\" wfd-invisible=\"true\">@media (max-width: 1199px) and (min-width: 992px){ .u-block-924a-1 {background-image: none}\n.u-block-924a-2 {min-height: 77px}\n.u-block-924a-3 {margin-top: 23.3594px; margin-right: 0px; margin-bottom: initial; margin-left: auto}\n.u-block-924a-24 {font-size: 1rem}\n.u-block-924a-25 {font-size: 1rem}\n.u-block-924a-7 {font-size: 1rem}\n.u-block-924a-17 {font-size: 1rem}\n.u-block-924a-8 {white-space: nowrap; height: 23.625px; min-height: 16px; width: 90.875px; min-width: 68px; margin-top: -27.8125px; margin-right: 55.2457px; margin-bottom: 25.8282px; margin-left: auto}\n.u-block-924a-26 {color: rgb(59, 89, 152) !important}\n.u-block-924a-27 {color: rgb(85, 172, 238) !important}\n.u-block-924a-28 {color: rgb(197, 54, 164) !important} }</style>\n  <style data-mode=\"MD\" data-visited=\"true\" wfd-invisible=\"true\">@media (max-width: 991px) and (min-width: 768px){ .u-block-924a-1 {background-image: none}\n.u-block-924a-2 {min-height: 77px}\n.u-block-924a-3 {margin-top: 23.3594px; margin-right: 0px; margin-bottom: initial; margin-left: auto}\n.u-block-924a-24 {font-size: 1rem}\n.u-block-924a-25 {font-size: 1rem}\n.u-block-924a-7 {font-size: 1rem}\n.u-block-924a-17 {font-size: 1rem}\n.u-block-924a-8 {white-space: nowrap; height: 23.625px; min-height: 16px; width: 90.875px; min-width: 68px; margin-top: -27.8125px; margin-right: 42.3158px; margin-bottom: 25.8282px; margin-left: auto}\n.u-block-924a-26 {color: rgb(59, 89, 152) !important}\n.u-block-924a-27 {color: rgb(85, 172, 238) !important}\n.u-block-924a-28 {color: rgb(197, 54, 164) !important} }</style>\n  <style data-mode=\"SM\" data-visited=\"true\" wfd-invisible=\"true\">@media (max-width: 767px) and (min-width: 576px){ .u-block-924a-1 {background-image: none}\n.u-block-924a-2 {min-height: 77px}\n.u-block-924a-3 {margin-top: 23.3594px; margin-right: 0px; margin-bottom: initial; margin-left: auto}\n.u-block-924a-24 {font-size: 1rem}\n.u-block-924a-25 {font-size: 1rem}\n.u-block-924a-7 {font-size: 1rem}\n.u-block-924a-17 {font-size: 1rem}\n.u-block-924a-8 {white-space: nowrap; height: 23.625px; min-height: 16px; width: 90.875px; min-width: 68px; margin-top: -27.8125px; margin-right: 37.7345px; margin-bottom: 27.8282px; margin-left: auto}\n.u-block-924a-26 {color: rgb(59, 89, 152) !important}\n.u-block-924a-27 {color: rgb(85, 172, 238) !important}\n.u-block-924a-28 {color: rgb(197, 54, 164) !important} }</style>\n  <style data-mode=\"XS\" data-visited=\"true\" wfd-invisible=\"true\">@media (max-width: 575px){ .u-block-924a-1 {background-image: none}\n.u-block-924a-2 {min-height: 77px}\n.u-block-924a-3 {margin-top: 23.3594px; margin-right: 0px; margin-bottom: initial; margin-left: auto}\n.u-block-924a-24 {font-size: 1rem}\n.u-block-924a-25 {font-size: 1rem}\n.u-block-924a-7 {font-size: 1rem}\n.u-block-924a-17 {font-size: 1rem}\n.u-block-924a-8 {white-space: nowrap; height: 23.625px; min-height: 16px; width: 90.875px; min-width: 68px; margin-top: -27.8125px; margin-left: auto; margin-right: auto; margin-bottom: 27.8282px}\n.u-block-924a-26 {color: rgb(59, 89, 152) !important}\n.u-block-924a-27 {color: rgb(85, 172, 238) !important}\n.u-block-924a-28 {color: rgb(197, 54, 164) !important} }</style>\n</section>","footerHtml":"<section class=\"u-align-center u-clearfix u-footer u-grey-80 u-block-e9c2-1\" custom-posts-hash=\"T\" data-style=\"footer-1-text\" data-post-id=\"post3\" data-section-properties=\"{&quot;grid-spacing&quot;:&quot;30&quot;,&quot;spacingAdditional&quot;:&quot;none&quot;,&quot;align&quot;:&quot;&quot;,&quot;stretch&quot;:true}\" id=\"sec-8c84\" data-source=\"\" data-id=\"e9c2\">\n  <div class=\"u-clearfix u-sheet u-block-e9c2-2\">\n    <p class=\"u-small-text u-text u-text-variant u-block-e9c2-6\">Copyright ©​ 2022 Allen Yang All rights reserved.</p>\n  </div>\n  <style data-mode=\"XL\" wfd-invisible=\"true\">@media (min-width: 1200px){ .u-block-e9c2-1 {background-image: none}\n.u-block-e9c2-2 {min-height: 120px}\n.u-block-e9c2-6 {width: 417px; margin-top: 49px; margin-bottom: 49px; margin-left: auto; margin-right: auto} }</style>\n  <style data-mode=\"LG\" wfd-invisible=\"true\">@media (max-width: 1199px) and (min-width: 992px){ .u-block-e9c2-1 {background-image: none}\n.u-block-e9c2-2 {min-height: 99px}\n.u-block-e9c2-6 {width: 417px; margin-top: 49px; margin-bottom: 49px; margin-left: auto; margin-right: auto} }</style>\n  <style data-mode=\"MD\" wfd-invisible=\"true\">@media (max-width: 991px) and (min-width: 768px){ .u-block-e9c2-1 {background-image: none}\n.u-block-e9c2-2 {min-height: 76px}\n.u-block-e9c2-6 {width: 417px; margin-top: 49px; margin-bottom: 49px; margin-left: auto; margin-right: auto} }</style>\n  <style data-mode=\"SM\" wfd-invisible=\"true\">@media (max-width: 767px) and (min-width: 576px){ .u-block-e9c2-1 {background-image: none}\n.u-block-e9c2-2 {min-height: 57px}\n.u-block-e9c2-6 {width: 417px; margin-top: 49px; margin-bottom: 49px; margin-left: auto; margin-right: auto} }</style>\n  <style data-mode=\"XS\" wfd-invisible=\"true\">@media (max-width: 575px){ .u-block-e9c2-1 {background-image: none}\n.u-block-e9c2-2 {min-height: 36px}\n.u-block-e9c2-6 {width: 340px; margin-top: 49px; margin-bottom: 49px; margin-left: auto; margin-right: auto} }</style>\n</section>","hideBacklink":null,"homePageId":1926546,"dateUpdated":1651937575657,"settings":"{\"id\":0,\"colorScheme\":{\"bodyColors\":[\"#111111\",\"#ffffff\"],\"bgColor\":\"#ffffff\",\"colors\":[\"#0063b1\",\"#d84047\",\"#eda97a\",\"#4e5dab\",\"#b9c1cc\"],\"customColors\":[{\"color\":\"#2e937a\",\"status\":0,\"transparency\":1,\"index\":0},{\"color\":\"#2e937a\",\"status\":0,\"transparency\":1,\"index\":1}],\"shadingContrast\":\"body-alt-color\",\"whiteContrast\":\"body-color\",\"bgContrast\":\"body-color\",\"name\":\"u13\"},\"fontScheme\":{\"name\":\"Oswald-OpenSans\",\"isDefault\":true,\"fonts\":{\"heading\":\"Oswald, sans-serif\",\"text\":\"Open Sans, sans-serif\",\"accent\":\"Arial, sans-serif\",\"headingTitle\":\"Oswald\",\"textTitle\":\"Open Sans\"}},\"typography\":{\"name\":\"Normal\",\"isDefault\":true,\"title\":{\"font-weight\":\"400\",\"font-size\":4.5,\"line-height\":\"1_1\",\"margin-top\":20,\"margin-bottom\":20,\"SM\":{\"font-size\":3.75},\"XS\":{\"font-size\":3}},\"subtitle\":{\"font-weight\":\"400\",\"font-size\":2.25,\"line-height\":\"1_1\",\"margin-top\":20,\"margin-bottom\":20,\"XS\":{\"font-size\":1.5}},\"h1\":{\"font-weight\":\"400\",\"font-size\":3,\"line-height\":\"1_1\",\"margin-top\":20,\"margin-bottom\":20,\"XS\":{\"font-size\":1.875}},\"h2\":{\"font-weight\":\"400\",\"font-size\":2.25,\"line-height\":\"1_1\",\"margin-top\":20,\"margin-bottom\":20,\"XS\":{\"font-size\":1.5}},\"h3\":{\"font-weight\":\"400\",\"font-size\":1.875,\"line-height\":\"1_2\",\"margin-top\":20,\"margin-bottom\":20,\"XS\":{\"font-size\":1.5}},\"h4\":{\"font-weight\":\"400\",\"font-size\":1.5,\"line-height\":\"1_2\",\"margin-top\":20,\"margin-bottom\":20},\"h5\":{\"font-weight\":\"400\",\"font-size\":1.25,\"line-height\":\"1_2\",\"margin-top\":20,\"margin-bottom\":20},\"h6\":{\"font-weight\":\"400\",\"font-size\":1.125,\"line-height\":\"1_2\",\"margin-top\":20,\"margin-bottom\":20},\"largeText\":{\"font-size\":1.25,\"margin-top\":20,\"margin-bottom\":20},\"smallText\":{\"font-size\":0.875,\"margin-top\":20,\"margin-bottom\":20},\"text\":{\"margin-top\":20,\"margin-bottom\":20},\"hyperlink\":{\"text-color\":\"palette-1-base\"},\"link\":{},\"button\":{\"color\":\"palette-1-base\",\"margin-top\":20,\"margin-bottom\":20},\"blockquote\":{\"font-style\":\"italic\",\"indent\":20,\"border\":4,\"border-color\":\"palette-1-base\",\"margin-top\":20,\"margin-bottom\":20},\"metadata\":{\"margin-top\":20,\"margin-bottom\":20},\"list\":{\"margin-top\":20,\"margin-bottom\":20},\"orderedlist\":{\"margin-top\":20,\"margin-bottom\":20},\"postContent\":{\"margin-top\":20,\"margin-bottom\":20},\"theme\":{\"gradient\":\"\",\"image\":\"\",\"sheet-width-xl\":1140,\"sheet-width-lg\":940,\"sheet-width-md\":720,\"sheet-width-sm\":540,\"sheet-width-xs\":340},\"htmlBaseSize\":16},\"domain\":\"\",\"backToTop\":\"<span style=\\\"height: 64px; width: 64px; margin-left: 0px; margin-right: auto; margin-top: 0px; background-image: none; right: 20px; bottom: 20px\\\" class=\\\"u-back-to-top u-icon u-icon-circle u-opacity u-opacity-85 u-palette-1-base u-spacing-15\\\" data-href=\\\"#\\\">\\n        <svg class=\\\"u-svg-link\\\" preserveAspectRatio=\\\"xMidYMin slice\\\" viewBox=\\\"0 0 551.13 551.13\\\">\\n            <use xmlns:xlink=\\\"http://www.w3.org/1999/xlink\\\" xlink:href=\\\"#svg-1d98\\\"></use>\\n        </svg>\\n        <svg class=\\\"u-svg-content\\\" enable-background=\\\"new 0 0 551.13 551.13\\\" viewBox=\\\"0 0 551.13 551.13\\\" xmlns=\\\"http://www.w3.org/2000/svg\\\" id=\\\"svg-1d98\\\">\\n            <path d=\\\"m275.565 189.451 223.897 223.897h51.668l-275.565-275.565-275.565 275.565h51.668z\\\"></path>\\n        </svg>\\n    </span>\",\"cookiesSection\":\"<section class=\\\"u-align-center u-block-7daf-1 u-clearfix u-cookies-consent u-grey-80\\\" custom-posts-hash=\\\"T\\\" style=\\\"background-image: none\\\" data-post-id=\\\"1\\\" data-section-properties=\\\"{&quot;stretch&quot;:true}\\\" data-id=\\\"7daf\\\" data-posts-content=\\\"[{'images':[],'maps':[],'videos':[],'icons':[],'textWidth':874,'textHeight':152,'id':1,'headingProp':'h3','textProp':'text'}]\\\" data-style=\\\"cookie-1\\\" id=\\\"sec-2455\\\" data-source=\\\"\\\">\\n  <div class=\\\"u-block-7daf-2 u-clearfix u-sheet u-valign-middle\\\" style=\\\"min-height: 212px\\\" data-state=\\\"{&quot;margin-top&quot;:{&quot;shouldApplyDefaultMargins&quot;:{&quot;XL&quot;:false,&quot;LG&quot;:false,&quot;MD&quot;:false,&quot;SM&quot;:false,&quot;XS&quot;:false},&quot;parentVerticalAlign&quot;:{&quot;XL&quot;:&quot;middle&quot;,&quot;LG&quot;:&quot;middle&quot;,&quot;MD&quot;:&quot;middle&quot;,&quot;SM&quot;:&quot;middle&quot;,&quot;XS&quot;:&quot;middle&quot;}},&quot;margin-bottom&quot;:{&quot;shouldApplyDefaultMargins&quot;:{&quot;XL&quot;:false,&quot;LG&quot;:false,&quot;MD&quot;:false,&quot;SM&quot;:false,&quot;XS&quot;:false},&quot;parentVerticalAlign&quot;:{&quot;XL&quot;:&quot;middle&quot;,&quot;LG&quot;:&quot;middle&quot;,&quot;MD&quot;:&quot;middle&quot;,&quot;SM&quot;:&quot;middle&quot;,&quot;XS&quot;:&quot;middle&quot;}}}\\\" data-height-lg=\\\"158\\\" data-height-md=\\\"131\\\" data-height-sm=\\\"106\\\" data-height-xs=\\\"225\\\">\\n    <div class=\\\"u-block-7daf-7 u-clearfix u-expanded-width u-layout-wrap\\\" style=\\\"margin-top: 30px; margin-bottom: 30px\\\" data-state=\\\"{&quot;margin-top&quot;:{&quot;shouldApplyDefaultMargins&quot;:{&quot;XL&quot;:false,&quot;LG&quot;:false,&quot;MD&quot;:false,&quot;SM&quot;:true,&quot;XS&quot;:true},&quot;parentVerticalAlign&quot;:{&quot;XL&quot;:&quot;middle&quot;,&quot;LG&quot;:&quot;middle&quot;,&quot;MD&quot;:&quot;middle&quot;,&quot;SM&quot;:&quot;middle&quot;,&quot;XS&quot;:&quot;middle&quot;}},&quot;margin-bottom&quot;:{&quot;shouldApplyDefaultMargins&quot;:{&quot;XL&quot;:false,&quot;LG&quot;:false,&quot;MD&quot;:false,&quot;SM&quot;:true,&quot;XS&quot;:true},&quot;parentVerticalAlign&quot;:{&quot;XL&quot;:&quot;middle&quot;,&quot;LG&quot;:&quot;middle&quot;,&quot;MD&quot;:&quot;middle&quot;,&quot;SM&quot;:&quot;middle&quot;,&quot;XS&quot;:&quot;middle&quot;}}}\\\">\\n      <div class=\\\"u-gutter-0 u-layout\\\">\\n        <div class=\\\"u-layout-row\\\">\\n          <div class=\\\"u-block-7daf-8 u-container-style u-layout-cell u-left-cell u-size-43-md u-size-43-sm u-size-43-xs u-size-46-lg u-size-46-xl\\\" style=\\\"min-height: 152px\\\" data-state=\\\"{&quot;min-height&quot;:{&quot;expandedParent&quot;:{&quot;XL&quot;:true,&quot;LG&quot;:true,&quot;MD&quot;:true,&quot;SM&quot;:true,&quot;XS&quot;:true},&quot;cellMultiplier&quot;:{&quot;XL&quot;:1,&quot;LG&quot;:1,&quot;MD&quot;:0.9347826086956521,&quot;SM&quot;:1.3953488372093024,&quot;XS&quot;:1},&quot;canCollapse&quot;:{&quot;XL&quot;:false,&quot;LG&quot;:false,&quot;MD&quot;:true,&quot;SM&quot;:true,&quot;XS&quot;:true}}}\\\">\\n            <div class=\\\"u-block-7daf-9 u-container-layout u-valign-middle\\\" style=\\\"padding-top: 30px; padding-bottom: 30px; padding-left: 60px; padding-right: 60px\\\" data-state=\\\"{&quot;min-height&quot;:{&quot;canCollapse&quot;:{&quot;XL&quot;:false,&quot;LG&quot;:false,&quot;MD&quot;:false,&quot;SM&quot;:false,&quot;XS&quot;:false}}}\\\">\\n              <h3 class=\\\"u-block-7daf-6 u-text u-text-default\\\" style=\\\"margin-top: 0px; margin-right: 20px; margin-bottom: 0px;\\\">Cookies &amp; Privacy</h3>\\n              <p class=\\\"u-block-7daf-5 u-text u-text-default\\\" style=\\\"margin: 8px 20px 0px 0px;\\\">This website uses cookies to ensure you get the best experience on our website.</p>\\n            </div>\\n          </div>\\n          <div class=\\\"u-align-left u-block-7daf-10 u-container-style u-layout-cell u-right-cell u-size-14-lg u-size-14-xl u-size-17-md u-size-17-sm u-size-17-xs\\\" style=\\\"min-height: 152px\\\" data-state=\\\"{&quot;min-height&quot;:{&quot;expandedParent&quot;:{&quot;XL&quot;:true,&quot;LG&quot;:true,&quot;MD&quot;:true,&quot;SM&quot;:true,&quot;XS&quot;:true},&quot;cellMultiplier&quot;:{&quot;XL&quot;:1,&quot;LG&quot;:1,&quot;MD&quot;:1.2142857142857142,&quot;SM&quot;:3.5294117647058822,&quot;XS&quot;:1},&quot;canCollapse&quot;:{&quot;XL&quot;:false,&quot;LG&quot;:false,&quot;MD&quot;:true,&quot;SM&quot;:true,&quot;XS&quot;:true}}}\\\">\\n            <div class=\\\"u-block-7daf-11 u-container-layout u-valign-middle-lg u-valign-middle-md u-valign-middle-xl u-valign-top-sm u-valign-top-xs\\\" style=\\\"padding-top: 30px; padding-bottom: 30px; padding-left: 30px; padding-right: 30px\\\" data-state=\\\"{&quot;min-height&quot;:{&quot;canCollapse&quot;:{&quot;XL&quot;:false,&quot;LG&quot;:false,&quot;MD&quot;:false,&quot;SM&quot;:false,&quot;XS&quot;:false}}}\\\">\\n              <a href=\\\"###\\\" class=\\\"u-block-7daf-3 u-btn u-button-confirm u-button-style u-palette-1-base\\\" style=\\\"margin-top: 0px; margin-right: auto; margin-bottom: 0px; margin-left: 0px\\\">Confirm</a>\\n            </div>\\n          </div>\\n        </div>\\n      </div>\\n    </div>\\n  </div>\\n  <style data-mode=\\\"XL\\\">@media (max-width: 0px) { .u-block-7daf-1 {background-image: none}\\n.u-block-7daf-2 {min-height: 212px}\\n.u-block-7daf-7 {margin-top: 30px; margin-bottom: 30px}\\n.u-block-7daf-8 {min-height: 152px}\\n.u-block-7daf-9 {padding-top: 30px; padding-bottom: 30px; padding-left: 60px; padding-right: 60px}\\n.u-block-7daf-6 {margin-top: 0px; margin-right: 20px; margin-bottom: 0px}\\n.u-block-7daf-5 {margin-top: 8px; margin-right: 20px; margin-bottom: 0px; margin-left: 0px}\\n.u-block-7daf-10 {min-height: 152px}\\n.u-block-7daf-11 {padding-top: 30px; padding-bottom: 30px; padding-left: 30px; padding-right: 30px}\\n.u-block-7daf-3 {margin-top: 0px; margin-right: auto; margin-bottom: 0px; margin-left: 0px} }</style>\\n  <style data-mode=\\\"LG\\\">@media (max-width: 0px) { .u-block-7daf-1 {background-image: none}\\n.u-block-7daf-2 {min-height: 131px}\\n.u-block-7daf-7 {margin-top: 30px; margin-bottom: 30px}\\n.u-block-7daf-8 {min-height: 125px}\\n.u-block-7daf-9 {padding-top: 30px; padding-bottom: 30px; padding-left: 60px; padding-right: 60px}\\n.u-block-7daf-6 {margin-top: 0px; margin-right: 0px; margin-bottom: 0px}\\n.u-block-7daf-5 {margin-top: 8px; margin-right: 0px; margin-bottom: 0px; margin-left: 0px}\\n.u-block-7daf-10 {min-height: 125px}\\n.u-block-7daf-11 {padding-top: 30px; padding-bottom: 30px; padding-left: 30px; padding-right: 30px}\\n.u-block-7daf-3 {margin-top: 0px; margin-right: auto; margin-bottom: 0px; margin-left: 0px} }</style>\\n  <style data-mode=\\\"MD\\\" data-visited=\\\"true\\\">@media (max-width: 0px) { .u-block-7daf-1 {background-image: none}\\n.u-block-7daf-2 {min-height: 106px}\\n.u-block-7daf-7 {margin-top: 30px; margin-bottom: 30px}\\n.u-block-7daf-8 {min-height: 100px}\\n.u-block-7daf-9 {padding-top: 30px; padding-bottom: 30px; padding-left: 30px; padding-right: 30px}\\n.u-block-7daf-6 {margin-top: 0px; margin-right: 0px; margin-bottom: 0px}\\n.u-block-7daf-5 {margin-top: 8px; margin-right: 0px; margin-bottom: 0px; margin-left: 0px}\\n.u-block-7daf-10 {min-height: 100px}\\n.u-block-7daf-11 {padding-top: 30px; padding-bottom: 30px; padding-left: 30px; padding-right: 30px}\\n.u-block-7daf-3 {margin-top: 0px; margin-right: auto; margin-bottom: 0px; margin-left: 0px} }</style>\\n  <style data-mode=\\\"SM\\\" data-visited=\\\"true\\\">@media (max-width: 0px) { .u-block-7daf-1 {background-image: none}\\n.u-block-7daf-2 {min-height: 225px}\\n.u-block-7daf-7 {margin-top: 30px; margin-bottom: 30px}\\n.u-block-7daf-8 {min-height: 154px}\\n.u-block-7daf-9 {padding-top: 30px; padding-left: 10px; padding-right: 10px; padding-bottom: 20px}\\n.u-block-7daf-6 {margin-top: 0px; margin-right: 0px; margin-bottom: 0px}\\n.u-block-7daf-5 {margin-top: 8px; margin-right: 0px; margin-bottom: 0px; margin-left: 0px}\\n.u-block-7daf-10 {min-height: 65px}\\n.u-block-7daf-11 {padding-top: 10px; padding-bottom: 10px; padding-left: 10px; padding-right: 10px}\\n.u-block-7daf-3 {margin-top: 0px; margin-right: auto; margin-bottom: 0px; margin-left: 0px} }</style>\\n  <style data-mode=\\\"XS\\\" data-visited=\\\"true\\\">@media (max-width: 0px) { .u-block-7daf-1 {background-image: none}\\n.u-block-7daf-2 {min-height: 121px}\\n.u-block-7daf-7 {margin-top: 30px; margin-bottom: 30px}\\n.u-block-7daf-8 {min-height: 100px}\\n.u-block-7daf-9 {padding-top: 30px; padding-bottom: 20px; padding-left: 10px; padding-right: 10px}\\n.u-block-7daf-6 {margin-top: 0px; margin-right: 0px; margin-bottom: 0px}\\n.u-block-7daf-5 {margin-top: 8px; margin-right: 0px; margin-bottom: 0px; margin-left: 0px}\\n.u-block-7daf-10 {min-height: 15px}\\n.u-block-7daf-11 {padding-top: 10px; padding-bottom: 10px; padding-left: 10px; padding-right: 10px}\\n.u-block-7daf-3 {margin-top: 0px; margin-right: auto; margin-bottom: 0px; margin-left: 0px} }</style>\\n</section>\",\"themeBackLinks\":\"\",\"blog\":\"{\\\"posts\\\":{\\\"items\\\":[]}}\"}","dialog":null,"title":"WebSite1926545","siteStyleCss":"<style id=\"color-scheme\" color-scheme=\"u13\" color-style=\"multicolor-1\">.u-body {\n--none: transparent;\n--none-darker: transparent;\n--none-r: 255;\n--none-g: 255;\n--none-b: 255;\n--none-contrast: body-color;\n--none-contrast-darker: body-color;\n--none-text-color: var(--body-color);\n--transparent: transparent;\n--transparent-darker: transparent;\n--transparent-r: 255;\n--transparent-g: 255;\n--transparent-b: 255;\n--transparent-contrast: body-color;\n--transparent-contrast-darker: body-color;\n--transparent-text-color: var(--body-color);\n--custom-color-1: #2e937a;\n--custom-color-1-darker: #29846e;\n--custom-color-1-r: 46;\n--custom-color-1-g: 147;\n--custom-color-1-b: 122;\n--custom-color-1-contrast: white;\n--custom-color-1-contrast-darker: white;\n--custom-color-1-text-color: var(--body-alt-color);\n--custom-color-2: #2e937a;\n--custom-color-2-darker: #29846e;\n--custom-color-2-r: 46;\n--custom-color-2-g: 147;\n--custom-color-2-b: 122;\n--custom-color-2-contrast: white;\n--custom-color-2-contrast-darker: white;\n--custom-color-2-text-color: var(--body-alt-color);\n--body-color: #111111;\n--body-color-darker: #0f0f0f;\n--body-color-r: 17;\n--body-color-g: 17;\n--body-color-b: 17;\n--body-color-contrast: white;\n--body-color-contrast-darker: white;\n--body-color-text-color: var(--body-alt-color);\n--body-alt-color: #ffffff;\n--body-alt-color-darker: #e6e6e6;\n--body-alt-color-r: 255;\n--body-alt-color-g: 255;\n--body-alt-color-b: 255;\n--body-alt-color-contrast: black;\n--body-alt-color-contrast-darker: black;\n--body-alt-color-text-color: var(--body-color);\n--bg-color: #ffffff;\n--bg-color-darker: #e6e6e6;\n--bg-color-r: 255;\n--bg-color-g: 255;\n--bg-color-b: 255;\n--bg-color-contrast: black;\n--bg-color-contrast-darker: black;\n--bg-color-text-color: var(--body-color);\n--palette-1-base: #0063b1;\n--palette-1-base-darker: #00599f;\n--palette-1-base-r: 0;\n--palette-1-base-g: 99;\n--palette-1-base-b: 177;\n--palette-1-base-contrast: white;\n--palette-1-base-contrast-darker: white;\n--palette-1-base-text-color: var(--body-alt-color);\n--palette-1-dark-3: #292f33;\n--palette-1-dark-3-darker: #252a2e;\n--palette-1-dark-3-r: 41;\n--palette-1-dark-3-g: 47;\n--palette-1-dark-3-b: 51;\n--palette-1-dark-3-contrast: white;\n--palette-1-dark-3-contrast-darker: white;\n--palette-1-dark-3-text-color: var(--body-alt-color);\n--palette-1-dark-2: #2e5472;\n--palette-1-dark-2-darker: #294c67;\n--palette-1-dark-2-r: 46;\n--palette-1-dark-2-g: 84;\n--palette-1-dark-2-b: 114;\n--palette-1-dark-2-contrast: white;\n--palette-1-dark-2-contrast-darker: white;\n--palette-1-dark-2-text-color: var(--body-alt-color);\n--palette-1-dark-1: #0063b1;\n--palette-1-dark-1-darker: #00599f;\n--palette-1-dark-1-r: 0;\n--palette-1-dark-1-g: 99;\n--palette-1-dark-1-b: 177;\n--palette-1-dark-1-contrast: white;\n--palette-1-dark-1-contrast-darker: white;\n--palette-1-dark-1-text-color: var(--body-alt-color);\n--palette-1: #1894f6;\n--palette-1-darker: #0987ea;\n--palette-1-r: 24;\n--palette-1-g: 148;\n--palette-1-b: 246;\n--palette-1-contrast: white;\n--palette-1-contrast-darker: white;\n--palette-1-text-color: var(--body-alt-color);\n--palette-1-light-1: #5bb4f9;\n--palette-1-light-1-darker: #3aa5f8;\n--palette-1-light-1-r: 91;\n--palette-1-light-1-g: 180;\n--palette-1-light-1-b: 249;\n--palette-1-light-1-contrast: white;\n--palette-1-light-1-contrast-darker: white;\n--palette-1-light-1-text-color: var(--body-alt-color);\n--palette-1-light-2: #a1d3fc;\n--palette-1-light-2-darker: #79c0fb;\n--palette-1-light-2-r: 161;\n--palette-1-light-2-g: 211;\n--palette-1-light-2-b: 252;\n--palette-1-light-2-contrast: black;\n--palette-1-light-2-contrast-darker: white;\n--palette-1-light-2-text-color: var(--body-color);\n--palette-1-light-3: #e7f4fe;\n--palette-1-light-3-darker: #b8dffc;\n--palette-1-light-3-r: 231;\n--palette-1-light-3-g: 244;\n--palette-1-light-3-b: 254;\n--palette-1-light-3-contrast: black;\n--palette-1-light-3-contrast-darker: black;\n--palette-1-light-3-text-color: var(--body-color);\n--palette-2-base: #d84047;\n--palette-2-base-darker: #d12b32;\n--palette-2-base-r: 216;\n--palette-2-base-g: 64;\n--palette-2-base-b: 71;\n--palette-2-base-contrast: white;\n--palette-2-base-contrast-darker: white;\n--palette-2-base-text-color: var(--body-alt-color);\n--palette-2-dark-3: #332929;\n--palette-2-dark-3-darker: #2e2525;\n--palette-2-dark-3-r: 51;\n--palette-2-dark-3-g: 41;\n--palette-2-dark-3-b: 41;\n--palette-2-dark-3-contrast: white;\n--palette-2-dark-3-contrast-darker: white;\n--palette-2-dark-3-text-color: var(--body-alt-color);\n--palette-2-dark-2: #6a4345;\n--palette-2-dark-2-darker: #5f3c3e;\n--palette-2-dark-2-r: 106;\n--palette-2-dark-2-g: 67;\n--palette-2-dark-2-b: 69;\n--palette-2-dark-2-contrast: white;\n--palette-2-dark-2-contrast-darker: white;\n--palette-2-dark-2-text-color: var(--body-alt-color);\n--palette-2-dark-1: #a14b4f;\n--palette-2-dark-1-darker: #914447;\n--palette-2-dark-1-r: 161;\n--palette-2-dark-1-g: 75;\n--palette-2-dark-1-b: 79;\n--palette-2-dark-1-contrast: white;\n--palette-2-dark-1-contrast-darker: white;\n--palette-2-dark-1-text-color: var(--body-alt-color);\n--palette-2: #d84047;\n--palette-2-darker: #d12b32;\n--palette-2-r: 216;\n--palette-2-g: 64;\n--palette-2-b: 71;\n--palette-2-contrast: white;\n--palette-2-contrast-darker: white;\n--palette-2-text-color: var(--body-alt-color);\n--palette-2-light-1: #e47479;\n--palette-2-light-1-darker: #de575d;\n--palette-2-light-1-r: 228;\n--palette-2-light-1-g: 116;\n--palette-2-light-1-b: 121;\n--palette-2-light-1-contrast: white;\n--palette-2-light-1-contrast-darker: white;\n--palette-2-light-1-text-color: var(--body-alt-color);\n--palette-2-light-2: #efacaf;\n--palette-2-light-2-darker: #e88a8e;\n--palette-2-light-2-r: 239;\n--palette-2-light-2-g: 172;\n--palette-2-light-2-b: 175;\n--palette-2-light-2-contrast: black;\n--palette-2-light-2-contrast-darker: white;\n--palette-2-light-2-text-color: var(--body-color);\n--palette-2-light-3: #fbe9ea;\n--palette-2-light-3-darker: #f4c0c3;\n--palette-2-light-3-r: 251;\n--palette-2-light-3-g: 233;\n--palette-2-light-3-b: 234;\n--palette-2-light-3-contrast: black;\n--palette-2-light-3-contrast-darker: black;\n--palette-2-light-3-text-color: var(--body-color);\n--palette-3-base: #eda97a;\n--palette-3-base-darker: #e9955a;\n--palette-3-base-r: 237;\n--palette-3-base-g: 169;\n--palette-3-base-b: 122;\n--palette-3-base-contrast: white;\n--palette-3-base-contrast-darker: white;\n--palette-3-base-text-color: var(--body-alt-color);\n--palette-3-dark-3: #332d29;\n--palette-3-dark-3-darker: #2e2925;\n--palette-3-dark-3-r: 51;\n--palette-3-dark-3-g: 45;\n--palette-3-dark-3-b: 41;\n--palette-3-dark-3-contrast: white;\n--palette-3-dark-3-contrast-darker: white;\n--palette-3-dark-3-text-color: var(--body-alt-color);\n--palette-3-dark-2: #715d50;\n--palette-3-dark-2-darker: #665448;\n--palette-3-dark-2-r: 113;\n--palette-3-dark-2-g: 93;\n--palette-3-dark-2-b: 80;\n--palette-3-dark-2-contrast: white;\n--palette-3-dark-2-contrast-darker: white;\n--palette-3-dark-2-text-color: var(--body-alt-color);\n--palette-3-dark-1: #af876b;\n--palette-3-dark-1-darker: #a57859;\n--palette-3-dark-1-r: 175;\n--palette-3-dark-1-g: 135;\n--palette-3-dark-1-b: 107;\n--palette-3-dark-1-contrast: white;\n--palette-3-dark-1-contrast-darker: white;\n--palette-3-dark-1-text-color: var(--body-alt-color);\n--palette-3: #eda97a;\n--palette-3-darker: #e9955a;\n--palette-3-r: 237;\n--palette-3-g: 169;\n--palette-3-b: 122;\n--palette-3-contrast: white;\n--palette-3-contrast-darker: white;\n--palette-3-text-color: var(--body-alt-color);\n--palette-3-light-1: #f2c2a0;\n--palette-3-light-1-darker: #edab7d;\n--palette-3-light-1-r: 242;\n--palette-3-light-1-g: 194;\n--palette-3-light-1-b: 160;\n--palette-3-light-1-contrast: black;\n--palette-3-light-1-contrast-darker: white;\n--palette-3-light-1-text-color: var(--body-color);\n--palette-3-light-2: #f8dbc8;\n--palette-3-light-2-darker: #f3c1a0;\n--palette-3-light-2-r: 248;\n--palette-3-light-2-g: 219;\n--palette-3-light-2-b: 200;\n--palette-3-light-2-contrast: black;\n--palette-3-light-2-contrast-darker: black;\n--palette-3-light-2-text-color: var(--body-color);\n--palette-3-light-3: #fdf6f1;\n--palette-3-light-3-darker: #f7dac6;\n--palette-3-light-3-r: 253;\n--palette-3-light-3-g: 246;\n--palette-3-light-3-b: 241;\n--palette-3-light-3-contrast: black;\n--palette-3-light-3-contrast-darker: black;\n--palette-3-light-3-text-color: var(--body-color);\n--palette-4-base: #4e5dab;\n--palette-4-base-darker: #46549a;\n--palette-4-base-r: 78;\n--palette-4-base-g: 93;\n--palette-4-base-b: 171;\n--palette-4-base-contrast: white;\n--palette-4-base-contrast-darker: white;\n--palette-4-base-text-color: var(--body-alt-color);\n--palette-4-dark-3: #292a33;\n--palette-4-dark-3-darker: #25262e;\n--palette-4-dark-3-r: 41;\n--palette-4-dark-3-g: 42;\n--palette-4-dark-3-b: 51;\n--palette-4-dark-3-contrast: white;\n--palette-4-dark-3-contrast-darker: white;\n--palette-4-dark-3-text-color: var(--body-alt-color);\n--palette-4-dark-2: #464c6f;\n--palette-4-dark-2-darker: #3f4464;\n--palette-4-dark-2-r: 70;\n--palette-4-dark-2-g: 76;\n--palette-4-dark-2-b: 111;\n--palette-4-dark-2-contrast: white;\n--palette-4-dark-2-contrast-darker: white;\n--palette-4-dark-2-text-color: var(--body-alt-color);\n--palette-4-dark-1: #4e5dab;\n--palette-4-dark-1-darker: #46549a;\n--palette-4-dark-1-r: 78;\n--palette-4-dark-1-g: 93;\n--palette-4-dark-1-b: 171;\n--palette-4-dark-1-contrast: white;\n--palette-4-dark-1-contrast-darker: white;\n--palette-4-dark-1-text-color: var(--body-alt-color);\n--palette-4: #6b7bd2;\n--palette-4-darker: #5365cb;\n--palette-4-r: 107;\n--palette-4-g: 123;\n--palette-4-b: 210;\n--palette-4-contrast: white;\n--palette-4-contrast-darker: white;\n--palette-4-text-color: var(--body-alt-color);\n--palette-4-light-1: #929fdf;\n--palette-4-light-1-darker: #7586d7;\n--palette-4-light-1-r: 146;\n--palette-4-light-1-g: 159;\n--palette-4-light-1-b: 223;\n--palette-4-light-1-contrast: white;\n--palette-4-light-1-contrast-darker: white;\n--palette-4-light-1-text-color: var(--body-alt-color);\n--palette-4-light-2: #bec6ed;\n--palette-4-light-2-darker: #9da9e4;\n--palette-4-light-2-r: 190;\n--palette-4-light-2-g: 198;\n--palette-4-light-2-b: 237;\n--palette-4-light-2-contrast: black;\n--palette-4-light-2-contrast-darker: white;\n--palette-4-light-2-text-color: var(--body-color);\n--palette-4-light-3: #eef0fa;\n--palette-4-light-3-darker: #c8cfef;\n--palette-4-light-3-r: 238;\n--palette-4-light-3-g: 240;\n--palette-4-light-3-b: 250;\n--palette-4-light-3-contrast: black;\n--palette-4-light-3-contrast-darker: black;\n--palette-4-light-3-text-color: var(--body-color);\n--palette-5-base: #b9c1cc;\n--palette-5-base-darker: #a2adbc;\n--palette-5-base-r: 185;\n--palette-5-base-g: 193;\n--palette-5-base-b: 204;\n--palette-5-base-contrast: black;\n--palette-5-base-contrast-darker: white;\n--palette-5-base-text-color: var(--body-color);\n--palette-5-dark-3: #292d33;\n--palette-5-dark-3-darker: #25292e;\n--palette-5-dark-3-r: 41;\n--palette-5-dark-3-g: 45;\n--palette-5-dark-3-b: 51;\n--palette-5-dark-3-contrast: white;\n--palette-5-dark-3-contrast-darker: white;\n--palette-5-dark-3-text-color: var(--body-alt-color);\n--palette-5-dark-2: #555c66;\n--palette-5-dark-2-darker: #4d535c;\n--palette-5-dark-2-r: 85;\n--palette-5-dark-2-g: 92;\n--palette-5-dark-2-b: 102;\n--palette-5-dark-2-contrast: white;\n--palette-5-dark-2-contrast-darker: white;\n--palette-5-dark-2-text-color: var(--body-alt-color);\n--palette-5-dark-1: #858e99;\n--palette-5-dark-1-darker: #75808c;\n--palette-5-dark-1-r: 133;\n--palette-5-dark-1-g: 142;\n--palette-5-dark-1-b: 153;\n--palette-5-dark-1-contrast: white;\n--palette-5-dark-1-contrast-darker: white;\n--palette-5-dark-1-text-color: var(--body-alt-color);\n--palette-5: #b9c1cc;\n--palette-5-darker: #a2adbc;\n--palette-5-r: 185;\n--palette-5-g: 193;\n--palette-5-b: 204;\n--palette-5-contrast: black;\n--palette-5-contrast-darker: white;\n--palette-5-text-color: var(--body-color);\n--palette-5-light-1: #ccd3db;\n--palette-5-light-1-darker: #b3bec9;\n--palette-5-light-1-r: 204;\n--palette-5-light-1-g: 211;\n--palette-5-light-1-b: 219;\n--palette-5-light-1-contrast: black;\n--palette-5-light-1-contrast-darker: black;\n--palette-5-light-1-text-color: var(--body-color);\n--palette-5-light-2: #e0e5eb;\n--palette-5-light-2-darker: #c4ced9;\n--palette-5-light-2-r: 224;\n--palette-5-light-2-g: 229;\n--palette-5-light-2-b: 235;\n--palette-5-light-2-contrast: black;\n--palette-5-light-2-contrast-darker: black;\n--palette-5-light-2-text-color: var(--body-color);\n--palette-5-light-3: #f5f7fa;\n--palette-5-light-3-darker: #d4dde9;\n--palette-5-light-3-r: 245;\n--palette-5-light-3-g: 247;\n--palette-5-light-3-b: 250;\n--palette-5-light-3-contrast: black;\n--palette-5-light-3-contrast-darker: black;\n--palette-5-light-3-text-color: var(--body-color);\n--grey-40: #999999;\n--grey-40-darker: #8a8a8a;\n--grey-40-r: 153;\n--grey-40-g: 153;\n--grey-40-b: 153;\n--grey-40-contrast: white;\n--grey-40-contrast-darker: white;\n--grey-40-text-color: var(--body-alt-color);\n--grey-30: #b3b3b3;\n--grey-30-darker: #a1a1a1;\n--grey-30-r: 179;\n--grey-30-g: 179;\n--grey-30-b: 179;\n--grey-30-contrast: white;\n--grey-30-contrast-darker: white;\n--grey-30-text-color: var(--body-alt-color);\n--grey-25: #c0c0c0;\n--grey-25-darker: #adadad;\n--grey-25-r: 192;\n--grey-25-g: 192;\n--grey-25-b: 192;\n--grey-25-contrast: black;\n--grey-25-contrast-darker: white;\n--grey-25-text-color: var(--body-color);\n--white: #ffffff;\n--white-darker: #e6e6e6;\n--white-r: 255;\n--white-g: 255;\n--white-b: 255;\n--white-contrast: black;\n--white-contrast-darker: black;\n--white-text-color: var(--body-color);\n--grey-15: #d9d9d9;\n--grey-15-darker: #c3c3c3;\n--grey-15-r: 217;\n--grey-15-g: 217;\n--grey-15-b: 217;\n--grey-15-contrast: black;\n--grey-15-contrast-darker: black;\n--grey-15-text-color: var(--body-color);\n--grey-10: #e5e5e5;\n--grey-10-darker: #cecece;\n--grey-10-r: 229;\n--grey-10-g: 229;\n--grey-10-b: 229;\n--grey-10-contrast: black;\n--grey-10-contrast-darker: black;\n--grey-10-text-color: var(--body-color);\n--grey-5: #f2f2f2;\n--grey-5-darker: #dadada;\n--grey-5-r: 242;\n--grey-5-g: 242;\n--grey-5-b: 242;\n--grey-5-contrast: black;\n--grey-5-contrast-darker: black;\n--grey-5-text-color: var(--body-color);\n--grey-90: #1a1a1a;\n--grey-90-darker: #171717;\n--grey-90-r: 26;\n--grey-90-g: 26;\n--grey-90-b: 26;\n--grey-90-contrast: white;\n--grey-90-contrast-darker: white;\n--grey-90-text-color: var(--body-alt-color);\n--grey-80: #333333;\n--grey-80-darker: #2e2e2e;\n--grey-80-r: 51;\n--grey-80-g: 51;\n--grey-80-b: 51;\n--grey-80-contrast: white;\n--grey-80-contrast-darker: white;\n--grey-80-text-color: var(--body-alt-color);\n--grey-75: #404040;\n--grey-75-darker: #3a3a3a;\n--grey-75-r: 64;\n--grey-75-g: 64;\n--grey-75-b: 64;\n--grey-75-contrast: white;\n--grey-75-contrast-darker: white;\n--grey-75-text-color: var(--body-alt-color);\n--black: #000000;\n--black-darker: #000000;\n--black-r: 0;\n--black-g: 0;\n--black-b: 0;\n--black-contrast: white;\n--black-contrast-darker: white;\n--black-text-color: var(--body-alt-color);\n--grey-70: #4d4d4d;\n--grey-70-darker: #454545;\n--grey-70-r: 77;\n--grey-70-g: 77;\n--grey-70-b: 77;\n--grey-70-contrast: white;\n--grey-70-contrast-darker: white;\n--grey-70-text-color: var(--body-alt-color);\n--grey-60: #666666;\n--grey-60-darker: #5c5c5c;\n--grey-60-r: 102;\n--grey-60-g: 102;\n--grey-60-b: 102;\n--grey-60-contrast: white;\n--grey-60-contrast-darker: white;\n--grey-60-text-color: var(--body-alt-color);\n--grey-50: #808080;\n--grey-50-darker: #737373;\n--grey-50-r: 128;\n--grey-50-g: 128;\n--grey-50-b: 128;\n--grey-50-contrast: white;\n--grey-50-contrast-darker: white;\n--grey-50-text-color: var(--body-alt-color);\n--grey-dark-3: #212121;\n--grey-dark-3-darker: #1e1e1e;\n--grey-dark-3-r: 33;\n--grey-dark-3-g: 33;\n--grey-dark-3-b: 33;\n--grey-dark-3-contrast: white;\n--grey-dark-3-contrast-darker: white;\n--grey-dark-3-text-color: var(--body-alt-color);\n--grey-dark-2: #333333;\n--grey-dark-2-darker: #2e2e2e;\n--grey-dark-2-r: 51;\n--grey-dark-2-g: 51;\n--grey-dark-2-b: 51;\n--grey-dark-2-contrast: white;\n--grey-dark-2-contrast-darker: white;\n--grey-dark-2-text-color: var(--body-alt-color);\n--grey-dark-1: #454545;\n--grey-dark-1-darker: #3e3e3e;\n--grey-dark-1-r: 69;\n--grey-dark-1-g: 69;\n--grey-dark-1-b: 69;\n--grey-dark-1-contrast: white;\n--grey-dark-1-contrast-darker: white;\n--grey-dark-1-text-color: var(--body-alt-color);\n--grey: #b3b3b3;\n--grey-darker: #a1a1a1;\n--grey-r: 179;\n--grey-g: 179;\n--grey-b: 179;\n--grey-contrast: white;\n--grey-contrast-darker: white;\n--grey-text-color: var(--body-alt-color);\n--grey-light-1: #d9d9d9;\n--grey-light-1-darker: #c3c3c3;\n--grey-light-1-r: 217;\n--grey-light-1-g: 217;\n--grey-light-1-b: 217;\n--grey-light-1-contrast: black;\n--grey-light-1-contrast-darker: black;\n--grey-light-1-text-color: var(--body-color);\n--grey-light-2: #eeeeee;\n--grey-light-2-darker: #d6d6d6;\n--grey-light-2-r: 238;\n--grey-light-2-g: 238;\n--grey-light-2-b: 238;\n--grey-light-2-contrast: black;\n--grey-light-2-contrast-darker: black;\n--grey-light-2-text-color: var(--body-color);\n--grey-light-3: #f6f6f6;\n--grey-light-3-darker: #dddddd;\n--grey-light-3-r: 246;\n--grey-light-3-g: 246;\n--grey-light-3-b: 246;\n--grey-light-3-contrast: black;\n--grey-light-3-contrast-darker: black;\n--grey-light-3-text-color: var(--body-color);\n--color-1-base: #0063b1;\n--color-1-base-darker: #00599f;\n--color-1-base-r: 0;\n--color-1-base-g: 99;\n--color-1-base-b: 177;\n--color-1-base-contrast: white;\n--color-1-base-contrast-darker: white;\n--color-1-base-text-color: var(--body-alt-color);\n--color-1-dark-3: #292f33;\n--color-1-dark-3-darker: #252a2e;\n--color-1-dark-3-r: 41;\n--color-1-dark-3-g: 47;\n--color-1-dark-3-b: 51;\n--color-1-dark-3-contrast: white;\n--color-1-dark-3-contrast-darker: white;\n--color-1-dark-3-text-color: var(--body-alt-color);\n--color-1-dark-2: #2e5472;\n--color-1-dark-2-darker: #294c67;\n--color-1-dark-2-r: 46;\n--color-1-dark-2-g: 84;\n--color-1-dark-2-b: 114;\n--color-1-dark-2-contrast: white;\n--color-1-dark-2-contrast-darker: white;\n--color-1-dark-2-text-color: var(--body-alt-color);\n--color-1-dark-1: #0063b1;\n--color-1-dark-1-darker: #00599f;\n--color-1-dark-1-r: 0;\n--color-1-dark-1-g: 99;\n--color-1-dark-1-b: 177;\n--color-1-dark-1-contrast: white;\n--color-1-dark-1-contrast-darker: white;\n--color-1-dark-1-text-color: var(--body-alt-color);\n--color-1: #1894f6;\n--color-1-darker: #0987ea;\n--color-1-r: 24;\n--color-1-g: 148;\n--color-1-b: 246;\n--color-1-contrast: white;\n--color-1-contrast-darker: white;\n--color-1-text-color: var(--body-alt-color);\n--color-1-light-1: #5bb4f9;\n--color-1-light-1-darker: #3aa5f8;\n--color-1-light-1-r: 91;\n--color-1-light-1-g: 180;\n--color-1-light-1-b: 249;\n--color-1-light-1-contrast: white;\n--color-1-light-1-contrast-darker: white;\n--color-1-light-1-text-color: var(--body-alt-color);\n--color-1-light-2: #a1d3fc;\n--color-1-light-2-darker: #79c0fb;\n--color-1-light-2-r: 161;\n--color-1-light-2-g: 211;\n--color-1-light-2-b: 252;\n--color-1-light-2-contrast: black;\n--color-1-light-2-contrast-darker: white;\n--color-1-light-2-text-color: var(--body-color);\n--color-1-light-3: #e7f4fe;\n--color-1-light-3-darker: #b8dffc;\n--color-1-light-3-r: 231;\n--color-1-light-3-g: 244;\n--color-1-light-3-b: 254;\n--color-1-light-3-contrast: black;\n--color-1-light-3-contrast-darker: black;\n--color-1-light-3-text-color: var(--body-color);\n--color-2-base: #d84047;\n--color-2-base-darker: #d12b32;\n--color-2-base-r: 216;\n--color-2-base-g: 64;\n--color-2-base-b: 71;\n--color-2-base-contrast: white;\n--color-2-base-contrast-darker: white;\n--color-2-base-text-color: var(--body-alt-color);\n--color-2-dark-3: #332929;\n--color-2-dark-3-darker: #2e2525;\n--color-2-dark-3-r: 51;\n--color-2-dark-3-g: 41;\n--color-2-dark-3-b: 41;\n--color-2-dark-3-contrast: white;\n--color-2-dark-3-contrast-darker: white;\n--color-2-dark-3-text-color: var(--body-alt-color);\n--color-2-dark-2: #6a4345;\n--color-2-dark-2-darker: #5f3c3e;\n--color-2-dark-2-r: 106;\n--color-2-dark-2-g: 67;\n--color-2-dark-2-b: 69;\n--color-2-dark-2-contrast: white;\n--color-2-dark-2-contrast-darker: white;\n--color-2-dark-2-text-color: var(--body-alt-color);\n--color-2-dark-1: #a14b4f;\n--color-2-dark-1-darker: #914447;\n--color-2-dark-1-r: 161;\n--color-2-dark-1-g: 75;\n--color-2-dark-1-b: 79;\n--color-2-dark-1-contrast: white;\n--color-2-dark-1-contrast-darker: white;\n--color-2-dark-1-text-color: var(--body-alt-color);\n--color-2: #d84047;\n--color-2-darker: #d12b32;\n--color-2-r: 216;\n--color-2-g: 64;\n--color-2-b: 71;\n--color-2-contrast: white;\n--color-2-contrast-darker: white;\n--color-2-text-color: var(--body-alt-color);\n--color-2-light-1: #e47479;\n--color-2-light-1-darker: #de575d;\n--color-2-light-1-r: 228;\n--color-2-light-1-g: 116;\n--color-2-light-1-b: 121;\n--color-2-light-1-contrast: white;\n--color-2-light-1-contrast-darker: white;\n--color-2-light-1-text-color: var(--body-alt-color);\n--color-2-light-2: #efacaf;\n--color-2-light-2-darker: #e88a8e;\n--color-2-light-2-r: 239;\n--color-2-light-2-g: 172;\n--color-2-light-2-b: 175;\n--color-2-light-2-contrast: black;\n--color-2-light-2-contrast-darker: white;\n--color-2-light-2-text-color: var(--body-color);\n--color-2-light-3: #fbe9ea;\n--color-2-light-3-darker: #f4c0c3;\n--color-2-light-3-r: 251;\n--color-2-light-3-g: 233;\n--color-2-light-3-b: 234;\n--color-2-light-3-contrast: black;\n--color-2-light-3-contrast-darker: black;\n--color-2-light-3-text-color: var(--body-color);\n--color-3-base: #eda97a;\n--color-3-base-darker: #e9955a;\n--color-3-base-r: 237;\n--color-3-base-g: 169;\n--color-3-base-b: 122;\n--color-3-base-contrast: white;\n--color-3-base-contrast-darker: white;\n--color-3-base-text-color: var(--body-alt-color);\n--color-3-dark-3: #332d29;\n--color-3-dark-3-darker: #2e2925;\n--color-3-dark-3-r: 51;\n--color-3-dark-3-g: 45;\n--color-3-dark-3-b: 41;\n--color-3-dark-3-contrast: white;\n--color-3-dark-3-contrast-darker: white;\n--color-3-dark-3-text-color: var(--body-alt-color);\n--color-3-dark-2: #715d50;\n--color-3-dark-2-darker: #665448;\n--color-3-dark-2-r: 113;\n--color-3-dark-2-g: 93;\n--color-3-dark-2-b: 80;\n--color-3-dark-2-contrast: white;\n--color-3-dark-2-contrast-darker: white;\n--color-3-dark-2-text-color: var(--body-alt-color);\n--color-3-dark-1: #af876b;\n--color-3-dark-1-darker: #a57859;\n--color-3-dark-1-r: 175;\n--color-3-dark-1-g: 135;\n--color-3-dark-1-b: 107;\n--color-3-dark-1-contrast: white;\n--color-3-dark-1-contrast-darker: white;\n--color-3-dark-1-text-color: var(--body-alt-color);\n--color-3: #eda97a;\n--color-3-darker: #e9955a;\n--color-3-r: 237;\n--color-3-g: 169;\n--color-3-b: 122;\n--color-3-contrast: white;\n--color-3-contrast-darker: white;\n--color-3-text-color: var(--body-alt-color);\n--color-3-light-1: #f2c2a0;\n--color-3-light-1-darker: #edab7d;\n--color-3-light-1-r: 242;\n--color-3-light-1-g: 194;\n--color-3-light-1-b: 160;\n--color-3-light-1-contrast: black;\n--color-3-light-1-contrast-darker: white;\n--color-3-light-1-text-color: var(--body-color);\n--color-3-light-2: #f8dbc8;\n--color-3-light-2-darker: #f3c1a0;\n--color-3-light-2-r: 248;\n--color-3-light-2-g: 219;\n--color-3-light-2-b: 200;\n--color-3-light-2-contrast: black;\n--color-3-light-2-contrast-darker: black;\n--color-3-light-2-text-color: var(--body-color);\n--color-3-light-3: #fdf6f1;\n--color-3-light-3-darker: #f7dac6;\n--color-3-light-3-r: 253;\n--color-3-light-3-g: 246;\n--color-3-light-3-b: 241;\n--color-3-light-3-contrast: black;\n--color-3-light-3-contrast-darker: black;\n--color-3-light-3-text-color: var(--body-color);\n--color-4-base: #4e5dab;\n--color-4-base-darker: #46549a;\n--color-4-base-r: 78;\n--color-4-base-g: 93;\n--color-4-base-b: 171;\n--color-4-base-contrast: white;\n--color-4-base-contrast-darker: white;\n--color-4-base-text-color: var(--body-alt-color);\n--color-4-dark-3: #292a33;\n--color-4-dark-3-darker: #25262e;\n--color-4-dark-3-r: 41;\n--color-4-dark-3-g: 42;\n--color-4-dark-3-b: 51;\n--color-4-dark-3-contrast: white;\n--color-4-dark-3-contrast-darker: white;\n--color-4-dark-3-text-color: var(--body-alt-color);\n--color-4-dark-2: #464c6f;\n--color-4-dark-2-darker: #3f4464;\n--color-4-dark-2-r: 70;\n--color-4-dark-2-g: 76;\n--color-4-dark-2-b: 111;\n--color-4-dark-2-contrast: white;\n--color-4-dark-2-contrast-darker: white;\n--color-4-dark-2-text-color: var(--body-alt-color);\n--color-4-dark-1: #4e5dab;\n--color-4-dark-1-darker: #46549a;\n--color-4-dark-1-r: 78;\n--color-4-dark-1-g: 93;\n--color-4-dark-1-b: 171;\n--color-4-dark-1-contrast: white;\n--color-4-dark-1-contrast-darker: white;\n--color-4-dark-1-text-color: var(--body-alt-color);\n--color-4: #6b7bd2;\n--color-4-darker: #5365cb;\n--color-4-r: 107;\n--color-4-g: 123;\n--color-4-b: 210;\n--color-4-contrast: white;\n--color-4-contrast-darker: white;\n--color-4-text-color: var(--body-alt-color);\n--color-4-light-1: #929fdf;\n--color-4-light-1-darker: #7586d7;\n--color-4-light-1-r: 146;\n--color-4-light-1-g: 159;\n--color-4-light-1-b: 223;\n--color-4-light-1-contrast: white;\n--color-4-light-1-contrast-darker: white;\n--color-4-light-1-text-color: var(--body-alt-color);\n--color-4-light-2: #bec6ed;\n--color-4-light-2-darker: #9da9e4;\n--color-4-light-2-r: 190;\n--color-4-light-2-g: 198;\n--color-4-light-2-b: 237;\n--color-4-light-2-contrast: black;\n--color-4-light-2-contrast-darker: white;\n--color-4-light-2-text-color: var(--body-color);\n--color-4-light-3: #eef0fa;\n--color-4-light-3-darker: #c8cfef;\n--color-4-light-3-r: 238;\n--color-4-light-3-g: 240;\n--color-4-light-3-b: 250;\n--color-4-light-3-contrast: black;\n--color-4-light-3-contrast-darker: black;\n--color-4-light-3-text-color: var(--body-color);\n--color-5-base: #b9c1cc;\n--color-5-base-darker: #a2adbc;\n--color-5-base-r: 185;\n--color-5-base-g: 193;\n--color-5-base-b: 204;\n--color-5-base-contrast: black;\n--color-5-base-contrast-darker: white;\n--color-5-base-text-color: var(--body-color);\n--color-5-dark-3: #292d33;\n--color-5-dark-3-darker: #25292e;\n--color-5-dark-3-r: 41;\n--color-5-dark-3-g: 45;\n--color-5-dark-3-b: 51;\n--color-5-dark-3-contrast: white;\n--color-5-dark-3-contrast-darker: white;\n--color-5-dark-3-text-color: var(--body-alt-color);\n--color-5-dark-2: #555c66;\n--color-5-dark-2-darker: #4d535c;\n--color-5-dark-2-r: 85;\n--color-5-dark-2-g: 92;\n--color-5-dark-2-b: 102;\n--color-5-dark-2-contrast: white;\n--color-5-dark-2-contrast-darker: white;\n--color-5-dark-2-text-color: var(--body-alt-color);\n--color-5-dark-1: #858e99;\n--color-5-dark-1-darker: #75808c;\n--color-5-dark-1-r: 133;\n--color-5-dark-1-g: 142;\n--color-5-dark-1-b: 153;\n--color-5-dark-1-contrast: white;\n--color-5-dark-1-contrast-darker: white;\n--color-5-dark-1-text-color: var(--body-alt-color);\n--color-5: #b9c1cc;\n--color-5-darker: #a2adbc;\n--color-5-r: 185;\n--color-5-g: 193;\n--color-5-b: 204;\n--color-5-contrast: black;\n--color-5-contrast-darker: white;\n--color-5-text-color: var(--body-color);\n--color-5-light-1: #ccd3db;\n--color-5-light-1-darker: #b3bec9;\n--color-5-light-1-r: 204;\n--color-5-light-1-g: 211;\n--color-5-light-1-b: 219;\n--color-5-light-1-contrast: black;\n--color-5-light-1-contrast-darker: black;\n--color-5-light-1-text-color: var(--body-color);\n--color-5-light-2: #e0e5eb;\n--color-5-light-2-darker: #c4ced9;\n--color-5-light-2-r: 224;\n--color-5-light-2-g: 229;\n--color-5-light-2-b: 235;\n--color-5-light-2-contrast: black;\n--color-5-light-2-contrast-darker: black;\n--color-5-light-2-text-color: var(--body-color);\n--color-5-light-3: #f5f7fa;\n--color-5-light-3-darker: #d4dde9;\n--color-5-light-3-r: 245;\n--color-5-light-3-g: 247;\n--color-5-light-3-b: 250;\n--color-5-light-3-contrast: black;\n--color-5-light-3-contrast-darker: black;\n--color-5-light-3-text-color: var(--body-color);\n--white-contrast: var(--body-color);\n--shading-contrast: var(--body-alt-color);\n--bg-contrast: var(--body-color);\n}.u-custom-color-1,\n        .u-body.u-custom-color-1,\n        section.u-custom-color-1:before,\n        .u-custom-color-1 > .u-container-layout:before,\n        .u-custom-color-1 > .u-inner-container-layout:before,\n        .u-container-layout.u-container-layout.u-custom-color-1:before,\n        .u-table-alt-custom-color-1 tr:nth-child(even)\n        {\n            color: var(--custom-color-1-text-color);\n            background-color: var(--custom-color-1);\n        }\n\n        .u-button-style.u-custom-color-1,\n        .u-button-style.u-custom-color-1[class*=\"u-border-\"]\n        {\n            color: var(--custom-color-1-text-color) !important;\n            background-color: var(--custom-color-1) !important;\n        }\n\n        .u-button-style.u-custom-color-1:hover,\n        .u-button-style.u-custom-color-1[class*=\"u-border-\"]:hover,\n        .u-button-style.u-custom-color-1:focus,\n        .u-button-style.u-custom-color-1[class*=\"u-border-\"]:focus,\n        .u-button-style.u-button-style.u-custom-color-1:active,\n        .u-button-style.u-button-style.u-custom-color-1[class*=\"u-border-\"]:active,\n        .u-button-style.u-button-style.u-custom-color-1.active,\n        .u-button-style.u-button-style.u-custom-color-1[class*=\"u-border-\"].active,\n        li.active > .u-button-style.u-button-style.u-custom-color-1,\n        li.active > .u-button-style.u-button-style.u-custom-color-1[class*=\"u-border-\"]\n        {\n            color: var(--custom-color-1-text-color) !important;\n            background-color: var(--custom-color-1-darker) !important;\n        }\n\n        .u-hover-custom-color-1:hover,\n        .u-hover-custom-color-1[class*=\"u-border-\"]:hover,\n        .u-hover-custom-color-1:focus,\n        .u-hover-custom-color-1[class*=\"u-border-\"]:focus,\n        .u-active-custom-color-1.u-active.u-active,\n        .u-active-custom-color-1[class*=\"u-border-\"].u-active.u-active,\n        a.u-button-style.u-hover-custom-color-1:hover,\n        a.u-button-style.u-hover-custom-color-1[class*=\"u-border-\"]:hover,\n        a.u-button-style:hover > .u-hover-custom-color-1,\n        a.u-button-style:hover > .u-hover-custom-color-1[class*=\"u-border-\"],\n        a.u-button-style.u-hover-custom-color-1:focus,\n        a.u-button-style.u-hover-custom-color-1[class*=\"u-border-\"]:focus,\n        a.u-button-style.u-button-style.u-active-custom-color-1:active,\n        a.u-button-style.u-button-style.u-active-custom-color-1[class*=\"u-border-\"]:active,\n        a.u-button-style.u-button-style.u-active-custom-color-1.active,\n        a.u-button-style.u-button-style.u-active-custom-color-1[class*=\"u-border-\"].active,\n        a.u-button-style.u-button-style.active > .u-active-custom-color-1,\n        a.u-button-style.u-button-style.active > .u-active-custom-color-1[class*=\"u-border-\"],\n        li.active > a.u-button-style.u-button-style.u-active-custom-color-1,\n        li.active > a.u-button-style.u-button-style.u-active-custom-color-1[class*=\"u-border-\"]\n        {\n            color: var(--custom-color-1-text-color) !important;\n            background-color: var(--custom-color-1) !important;\n        }\n\n        a.u-link.u-hover-custom-color-1:hover {\n            color: var(--custom-color-1) !important;\n        }\n\n        \n        \n        .u-custom-color-2,\n        .u-body.u-custom-color-2,\n        section.u-custom-color-2:before,\n        .u-custom-color-2 > .u-container-layout:before,\n        .u-custom-color-2 > .u-inner-container-layout:before,\n        .u-container-layout.u-container-layout.u-custom-color-2:before,\n        .u-table-alt-custom-color-2 tr:nth-child(even)\n        {\n            color: var(--custom-color-2-text-color);\n            background-color: var(--custom-color-2);\n        }\n\n        .u-button-style.u-custom-color-2,\n        .u-button-style.u-custom-color-2[class*=\"u-border-\"]\n        {\n            color: var(--custom-color-2-text-color) !important;\n            background-color: var(--custom-color-2) !important;\n        }\n\n        .u-button-style.u-custom-color-2:hover,\n        .u-button-style.u-custom-color-2[class*=\"u-border-\"]:hover,\n        .u-button-style.u-custom-color-2:focus,\n        .u-button-style.u-custom-color-2[class*=\"u-border-\"]:focus,\n        .u-button-style.u-button-style.u-custom-color-2:active,\n        .u-button-style.u-button-style.u-custom-color-2[class*=\"u-border-\"]:active,\n        .u-button-style.u-button-style.u-custom-color-2.active,\n        .u-button-style.u-button-style.u-custom-color-2[class*=\"u-border-\"].active,\n        li.active > .u-button-style.u-button-style.u-custom-color-2,\n        li.active > .u-button-style.u-button-style.u-custom-color-2[class*=\"u-border-\"]\n        {\n            color: var(--custom-color-2-text-color) !important;\n            background-color: var(--custom-color-2-darker) !important;\n        }\n\n        .u-hover-custom-color-2:hover,\n        .u-hover-custom-color-2[class*=\"u-border-\"]:hover,\n        .u-hover-custom-color-2:focus,\n        .u-hover-custom-color-2[class*=\"u-border-\"]:focus,\n        .u-active-custom-color-2.u-active.u-active,\n        .u-active-custom-color-2[class*=\"u-border-\"].u-active.u-active,\n        a.u-button-style.u-hover-custom-color-2:hover,\n        a.u-button-style.u-hover-custom-color-2[class*=\"u-border-\"]:hover,\n        a.u-button-style:hover > .u-hover-custom-color-2,\n        a.u-button-style:hover > .u-hover-custom-color-2[class*=\"u-border-\"],\n        a.u-button-style.u-hover-custom-color-2:focus,\n        a.u-button-style.u-hover-custom-color-2[class*=\"u-border-\"]:focus,\n        a.u-button-style.u-button-style.u-active-custom-color-2:active,\n        a.u-button-style.u-button-style.u-active-custom-color-2[class*=\"u-border-\"]:active,\n        a.u-button-style.u-button-style.u-active-custom-color-2.active,\n        a.u-button-style.u-button-style.u-active-custom-color-2[class*=\"u-border-\"].active,\n        a.u-button-style.u-button-style.active > .u-active-custom-color-2,\n        a.u-button-style.u-button-style.active > .u-active-custom-color-2[class*=\"u-border-\"],\n        li.active > a.u-button-style.u-button-style.u-active-custom-color-2,\n        li.active > a.u-button-style.u-button-style.u-active-custom-color-2[class*=\"u-border-\"]\n        {\n            color: var(--custom-color-2-text-color) !important;\n            background-color: var(--custom-color-2) !important;\n        }\n\n        a.u-link.u-hover-custom-color-2:hover {\n            color: var(--custom-color-2) !important;\n        }\n\n        \n\n        \n        .u-border-custom-color-1,\n        .u-separator-custom-color-1:after\n        {\n            border-color: var(--custom-color-1);\n            stroke: var(--custom-color-1);\n        }\n\n        .u-button-style.u-border-custom-color-1\n        {\n            border-color: var(--custom-color-1) !important;\n            color: var(--custom-color-1) !important;\n            background-color: transparent !important;\n        }\n\n        .u-button-style.u-border-custom-color-1:hover,\n        .u-button-style.u-border-custom-color-1:focus\n        {\n            border-color: transparent !important;\n            color: var(--custom-color-1-darker) !important;\n            background-color: transparent !important;\n        }\n\n        .u-border-hover-custom-color-1:hover,\n        .u-border-hover-custom-color-1:focus,\n        .u-border-active-custom-color-1.u-active.u-active,\n        a.u-button-style.u-border-hover-custom-color-1:hover,\n        a.u-button-style:hover > .u-border-hover-custom-color-1,\n        a.u-button-style.u-border-hover-custom-color-1:focus,\n        a.u-button-style.u-button-style.u-border-active-custom-color-1:active,\n        a.u-button-style.u-button-style.u-border-active-custom-color-1.active,\n        a.u-button-style.u-button-style.active > .u-border-active-custom-color-1,\n        li.active > a.u-button-style.u-button-style.u-border-active-custom-color-1\n        {\n            color: var(--custom-color-1) !important;\n            border-color: var(--custom-color-1) !important;\n        }\n\n        .u-link.u-border-custom-color-1[class*=\"u-border-\"]\n        {\n            border-color: var(--custom-color-1) !important;\n        }\n\n        .u-link.u-border-custom-color-1[class*=\"u-border-\"]:hover\n        {\n            border-color: var(--custom-color-1-darker) !important;\n        }\n        \n        \n        .u-border-custom-color-2,\n        .u-separator-custom-color-2:after\n        {\n            border-color: var(--custom-color-2);\n            stroke: var(--custom-color-2);\n        }\n\n        .u-button-style.u-border-custom-color-2\n        {\n            border-color: var(--custom-color-2) !important;\n            color: var(--custom-color-2) !important;\n            background-color: transparent !important;\n        }\n\n        .u-button-style.u-border-custom-color-2:hover,\n        .u-button-style.u-border-custom-color-2:focus\n        {\n            border-color: transparent !important;\n            color: var(--custom-color-2-darker) !important;\n            background-color: transparent !important;\n        }\n\n        .u-border-hover-custom-color-2:hover,\n        .u-border-hover-custom-color-2:focus,\n        .u-border-active-custom-color-2.u-active.u-active,\n        a.u-button-style.u-border-hover-custom-color-2:hover,\n        a.u-button-style:hover > .u-border-hover-custom-color-2,\n        a.u-button-style.u-border-hover-custom-color-2:focus,\n        a.u-button-style.u-button-style.u-border-active-custom-color-2:active,\n        a.u-button-style.u-button-style.u-border-active-custom-color-2.active,\n        a.u-button-style.u-button-style.active > .u-border-active-custom-color-2,\n        li.active > a.u-button-style.u-button-style.u-border-active-custom-color-2\n        {\n            color: var(--custom-color-2) !important;\n            border-color: var(--custom-color-2) !important;\n        }\n\n        .u-link.u-border-custom-color-2[class*=\"u-border-\"]\n        {\n            border-color: var(--custom-color-2) !important;\n        }\n\n        .u-link.u-border-custom-color-2[class*=\"u-border-\"]:hover\n        {\n            border-color: var(--custom-color-2-darker) !important;\n        }\n        \n\n        \n        .u-text-custom-color-1,\n        li.active > a.u-button-style.u-text-custom-color-1,\n        li.active > a.u-button-style.u-text-custom-color-1[class*=\"u-border-\"],\n        a.u-button-style.u-text-custom-color-1,\n        a.u-button-style.u-text-custom-color-1[class*=\"u-border-\"]\n        {\n            color: var(--custom-color-1) !important;\n        }\n\n        a.u-button-style.u-text-custom-color-1:hover,\n        a.u-button-style.u-text-custom-color-1[class*=\"u-border-\"]:hover,\n        a.u-button-style.u-text-custom-color-1:focus,\n        a.u-button-style.u-text-custom-color-1[class*=\"u-border-\"]:focus,\n        a.u-button-style.u-button-style.u-text-custom-color-1:active,\n        a.u-button-style.u-button-style.u-text-custom-color-1[class*=\"u-border-\"]:active,\n        a.u-button-style.u-button-style.u-text-custom-color-1.active,\n        a.u-button-style.u-button-style.u-text-custom-color-1[class*=\"u-border-\"].active\n        {\n            color: var(--custom-color-1-darker) !important;\n        }\n\n        a.u-button-style:hover > .u-text-hover-custom-color-1,\n        a.u-button-style:hover > .u-text-hover-custom-color-1[class*=\"u-border-\"],\n        a.u-button-style.u-button-style.u-text-hover-custom-color-1:hover,\n        a.u-button-style.u-button-style.u-text-hover-custom-color-1[class*=\"u-border-\"]:hover,\n        a.u-button-style.u-button-style.u-button-style.u-text-hover-custom-color-1.active,\n        a.u-button-style.u-button-style.u-button-style.u-text-hover-custom-color-1[class*=\"u-border-\"].active,\n        a.u-button-style.u-button-style.u-button-style.u-text-hover-custom-color-1:active,\n        a.u-button-style.u-button-style.u-button-style.u-text-hover-custom-color-1[class*=\"u-border-\"]:active,\n        a.u-button-style.u-button-style.u-text-hover-custom-color-1:focus,\n        a.u-button-style.u-button-style.u-text-hover-custom-color-1[class*=\"u-border-\"]:focus,\n        a.u-button-style.u-button-style.u-button-style.u-button-style.u-text-active-custom-color-1:active,\n        a.u-button-style.u-button-style.u-button-style.u-button-style.u-text-active-custom-color-1[class*=\"u-border-\"]:active,\n        a.u-button-style.u-button-style.u-button-style.u-button-style.u-text-active-custom-color-1.active,\n        a.u-button-style.u-button-style.u-button-style.u-button-style.u-text-active-custom-color-1[class*=\"u-border-\"].active,\n        a.u-button-style.u-button-style.active > .u-text-active-custom-color-1,\n        a.u-button-style.u-button-style.active > .u-text-active-custom-color-1[class*=\"u-border-\"],\n        :not(.level-2) > .u-nav > .u-nav-item > a.u-nav-link.u-text-hover-custom-color-1:hover,\n        :not(.level-2) > .u-nav > .u-nav-item > a.u-nav-link.u-nav-link.u-text-active-custom-color-1.active,\n        .u-popupmenu-items.u-text-hover-custom-color-1 .u-nav-link:hover,\n        .u-popupmenu-items.u-popupmenu-items.u-text-active-custom-color-1 .u-nav-link.active\n        {\n            color: var(--custom-color-1) !important;\n        }\n\n        .u-text-custom-color-1 .u-svg-link,\n        .u-text-hover-custom-color-1:hover .u-svg-link,\n        .u-button-style:hover > .u-text-hover-custom-color-1 .u-svg-link,\n        .u-button-style.u-button-style.active > .u-text-active-custom-color-1 .u-svg-link,\n        .u-text-hover-custom-color-1:focus .u-svg-link\n        {\n            fill: var(--custom-color-1);\n        }\n\n        .u-link.u-text-custom-color-1:hover\n        {\n            color: var(--custom-color-1-darker) !important;\n        }\n\n        a.u-link.u-text-hover-custom-color-1:hover\n        {\n            color: var(--custom-color-1) !important;\n        }\n        \n        \n        .u-text-custom-color-2,\n        li.active > a.u-button-style.u-text-custom-color-2,\n        li.active > a.u-button-style.u-text-custom-color-2[class*=\"u-border-\"],\n        a.u-button-style.u-text-custom-color-2,\n        a.u-button-style.u-text-custom-color-2[class*=\"u-border-\"]\n        {\n            color: var(--custom-color-2) !important;\n        }\n\n        a.u-button-style.u-text-custom-color-2:hover,\n        a.u-button-style.u-text-custom-color-2[class*=\"u-border-\"]:hover,\n        a.u-button-style.u-text-custom-color-2:focus,\n        a.u-button-style.u-text-custom-color-2[class*=\"u-border-\"]:focus,\n        a.u-button-style.u-button-style.u-text-custom-color-2:active,\n        a.u-button-style.u-button-style.u-text-custom-color-2[class*=\"u-border-\"]:active,\n        a.u-button-style.u-button-style.u-text-custom-color-2.active,\n        a.u-button-style.u-button-style.u-text-custom-color-2[class*=\"u-border-\"].active\n        {\n            color: var(--custom-color-2-darker) !important;\n        }\n\n        a.u-button-style:hover > .u-text-hover-custom-color-2,\n        a.u-button-style:hover > .u-text-hover-custom-color-2[class*=\"u-border-\"],\n        a.u-button-style.u-button-style.u-text-hover-custom-color-2:hover,\n        a.u-button-style.u-button-style.u-text-hover-custom-color-2[class*=\"u-border-\"]:hover,\n        a.u-button-style.u-button-style.u-button-style.u-text-hover-custom-color-2.active,\n        a.u-button-style.u-button-style.u-button-style.u-text-hover-custom-color-2[class*=\"u-border-\"].active,\n        a.u-button-style.u-button-style.u-button-style.u-text-hover-custom-color-2:active,\n        a.u-button-style.u-button-style.u-button-style.u-text-hover-custom-color-2[class*=\"u-border-\"]:active,\n        a.u-button-style.u-button-style.u-text-hover-custom-color-2:focus,\n        a.u-button-style.u-button-style.u-text-hover-custom-color-2[class*=\"u-border-\"]:focus,\n        a.u-button-style.u-button-style.u-button-style.u-button-style.u-text-active-custom-color-2:active,\n        a.u-button-style.u-button-style.u-button-style.u-button-style.u-text-active-custom-color-2[class*=\"u-border-\"]:active,\n        a.u-button-style.u-button-style.u-button-style.u-button-style.u-text-active-custom-color-2.active,\n        a.u-button-style.u-button-style.u-button-style.u-button-style.u-text-active-custom-color-2[class*=\"u-border-\"].active,\n        a.u-button-style.u-button-style.active > .u-text-active-custom-color-2,\n        a.u-button-style.u-button-style.active > .u-text-active-custom-color-2[class*=\"u-border-\"],\n        :not(.level-2) > .u-nav > .u-nav-item > a.u-nav-link.u-text-hover-custom-color-2:hover,\n        :not(.level-2) > .u-nav > .u-nav-item > a.u-nav-link.u-nav-link.u-text-active-custom-color-2.active,\n        .u-popupmenu-items.u-text-hover-custom-color-2 .u-nav-link:hover,\n        .u-popupmenu-items.u-popupmenu-items.u-text-active-custom-color-2 .u-nav-link.active\n        {\n            color: var(--custom-color-2) !important;\n        }\n\n        .u-text-custom-color-2 .u-svg-link,\n        .u-text-hover-custom-color-2:hover .u-svg-link,\n        .u-button-style:hover > .u-text-hover-custom-color-2 .u-svg-link,\n        .u-button-style.u-button-style.active > .u-text-active-custom-color-2 .u-svg-link,\n        .u-text-hover-custom-color-2:focus .u-svg-link\n        {\n            fill: var(--custom-color-2);\n        }\n\n        .u-link.u-text-custom-color-2:hover\n        {\n            color: var(--custom-color-2-darker) !important;\n        }\n\n        a.u-link.u-text-hover-custom-color-2:hover\n        {\n            color: var(--custom-color-2) !important;\n        }</style><style id=\"typography\" typography=\"Normal\">\n        .u-body\n        {\n        --title-font-weight: 400;\n        --title-font-size: 4.5rem;\n        --title-line-height: 1.1;\n        --title-margin-top: 20px;\n        --title-margin-bottom: 20px;\n        --subtitle-font-weight: 400;\n        --subtitle-font-size: 2.25rem;\n        --subtitle-line-height: 1.1;\n        --subtitle-margin-top: 20px;\n        --subtitle-margin-bottom: 20px;\n        --h1-font-weight: 400;\n        --h1-font-size: 3rem;\n        --h1-line-height: 1.1;\n        --h1-margin-top: 20px;\n        --h1-margin-bottom: 20px;\n        --h2-font-weight: 400;\n        --h2-font-size: 2.25rem;\n        --h2-line-height: 1.1;\n        --h2-margin-top: 20px;\n        --h2-margin-bottom: 20px;\n        --h3-font-weight: 400;\n        --h3-font-size: 1.875rem;\n        --h3-line-height: 1.2;\n        --h3-margin-top: 20px;\n        --h3-margin-bottom: 20px;\n        --h4-font-weight: 400;\n        --h4-font-size: 1.5rem;\n        --h4-line-height: 1.2;\n        --h4-margin-top: 20px;\n        --h4-margin-bottom: 20px;\n        --h5-font-weight: 400;\n        --h5-font-size: 1.25rem;\n        --h5-line-height: 1.2;\n        --h5-margin-top: 20px;\n        --h5-margin-bottom: 20px;\n        --h6-font-weight: 400;\n        --h6-font-size: 1.125rem;\n        --h6-line-height: 1.2;\n        --h6-margin-top: 20px;\n        --h6-margin-bottom: 20px;\n        --largeText-font-size: 1.25rem;\n        --largeText-margin-top: 20px;\n        --largeText-margin-bottom: 20px;\n        --smallText-font-size: 0.875rem;\n        --smallText-margin-top: 20px;\n        --smallText-margin-bottom: 20px;\n        --text-margin-top: 20px;\n        --text-margin-bottom: 20px;\n        --hyperlink-color: var(--palette-1-base);\n        --hyperlink-alt-text-color: var(--palette-1-light-2);\n        --hyperlink-hover-color: var(--palette-1-base-darker);\n        --hyperlink-hover-alt-text-color: var(--grey-30-darker);\n        --button-margin-top: 20px;\n        --button-margin-bottom: 20px;\n        --button-background-color: var(--palette-1-base);\n        --button-color: var(--white);\n        --button-alt-background-color: var(--palette-1-light-2);\n        --button-alt-color: var(--black);\n        --button-hover-background-color: var(--palette-1-base-darker);\n        --button-hover-color: var(--white-darker);\n        --button-hover-alt-background-color: var(--palette-1-light-2-darker);\n        --button-hover-alt-color: var(--white);\n        --button-hover-background-color: var(--palette-1-base-darker);\n        --button-hover-color: var(--white-darker);\n        --button-hover-alt-background-color: var(--palette-1-light-2-darker);\n        --button-hover-alt-color: var(--white);\n        --button-active-background-color: var(--palette-1-base-darker);\n        --button-active-color: var(--white-darker);\n        --button-active-alt-background-color: var(--palette-1-light-2-darker);\n        --button-active-alt-color: var(--white);\n        --blockquote-font-style: italic;\n        --blockquote-padding-left: 20px;\n        --blockquote-border-width: 4px;\n        --blockquote-border-color: var(--palette-1-base);\n        --blockquote-margin-top: 20px;\n        --blockquote-margin-bottom: 20px;\n        --metadata-margin-top: 20px;\n        --metadata-margin-bottom: 20px;\n        --list-margin-top: 20px;\n        --list-margin-bottom: 20px;\n        --orderedlist-margin-top: 20px;\n        --orderedlist-margin-bottom: 20px;\n        --postContent-margin-top: 20px;\n        --postContent-margin-bottom: 20px;\n        --theme-sheet-width-xl: 1140px;\n        --theme-sheet-width-lg: 940px;\n        --theme-sheet-width-md: 720px;\n        --theme-sheet-width-sm: 540px;\n        --theme-sheet-width-xs: 340px;\n        --title-font-size-sm: 3.75rem;\n        --title-font-size-xs: 3rem;\n        --subtitle-font-size-xs: 1.5rem;\n        --h1-font-size-xs: 1.875rem;\n        --h2-font-size-xs: 1.5rem;\n        --h3-font-size-xs: 1.5rem;\n        }\n\n        /** common-rules **/\n        h1.u-title\n        {\n        font-weight: var(--title-font-weight);\n        font-size: var(--title-font-size);\n        line-height: var(--title-line-height);\n        margin-top: var(--title-margin-top);\n        margin-bottom: var(--title-margin-bottom);\n        }\n        h2.u-subtitle\n        {\n        font-weight: var(--subtitle-font-weight);\n        font-size: var(--subtitle-font-size);\n        line-height: var(--subtitle-line-height);\n        margin-top: var(--subtitle-margin-top);\n        margin-bottom: var(--subtitle-margin-bottom);\n        }\n        h1:not(.u-title)\n        {\n        font-weight: var(--h1-font-weight);\n        font-size: var(--h1-font-size);\n        line-height: var(--h1-line-height);\n        margin-top: var(--h1-margin-top);\n        margin-bottom: var(--h1-margin-bottom);\n        }\n        h2:not(.u-subtitle)\n        {\n        font-weight: var(--h2-font-weight);\n        font-size: var(--h2-font-size);\n        line-height: var(--h2-line-height);\n        margin-top: var(--h2-margin-top);\n        margin-bottom: var(--h2-margin-bottom);\n        }\n        h3\n        {\n        font-weight: var(--h3-font-weight);\n        font-size: var(--h3-font-size);\n        line-height: var(--h3-line-height);\n        margin-top: var(--h3-margin-top);\n        margin-bottom: var(--h3-margin-bottom);\n        }\n        h4\n        {\n        font-weight: var(--h4-font-weight);\n        font-size: var(--h4-font-size);\n        line-height: var(--h4-line-height);\n        margin-top: var(--h4-margin-top);\n        margin-bottom: var(--h4-margin-bottom);\n        }\n        h5\n        {\n        font-weight: var(--h5-font-weight);\n        font-size: var(--h5-font-size);\n        line-height: var(--h5-line-height);\n        margin-top: var(--h5-margin-top);\n        margin-bottom: var(--h5-margin-bottom);\n        }\n        h6\n        {\n        font-weight: var(--h6-font-weight);\n        font-size: var(--h6-font-size);\n        line-height: var(--h6-line-height);\n        margin-top: var(--h6-margin-top);\n        margin-bottom: var(--h6-margin-bottom);\n        }\n        p.u-large-text\n        {\n        font-size: var(--largeText-font-size);\n        margin-top: var(--largeText-margin-top);\n        margin-bottom: var(--largeText-margin-bottom);\n        }\n        p.u-small-text\n        {\n        font-size: var(--smallText-font-size);\n        margin-top: var(--smallText-margin-top);\n        margin-bottom: var(--smallText-margin-bottom);\n        }\n        p:not(.u-text-variant)\n        {\n        margin-top: var(--text-margin-top);\n        margin-bottom: var(--text-margin-bottom);\n        }\n        .u-btn\n        {\n        margin-top: var(--button-margin-top);\n        margin-bottom: var(--button-margin-bottom);\n        }\n        blockquote\n        {\n        font-style: var(--blockquote-font-style);\n        padding-left: var(--blockquote-padding-left);\n        border-width: var(--blockquote-border-width);\n        margin-top: var(--blockquote-margin-top);\n        margin-bottom: var(--blockquote-margin-bottom);\n        }\n        .u-metadata\n        {\n        margin-top: var(--metadata-margin-top);\n        margin-bottom: var(--metadata-margin-bottom);\n        }\n        ul:not(.u-unstyled)\n        {\n        margin-top: var(--list-margin-top);\n        margin-bottom: var(--list-margin-bottom);\n        }\n        ol\n        {\n        margin-top: var(--orderedlist-margin-top);\n        margin-bottom: var(--orderedlist-margin-bottom);\n        }\n        .u-post-content\n        {\n        margin-top: var(--postContent-margin-top);\n        margin-bottom: var(--postContent-margin-bottom);\n        }\n        /** common-rules **/\n\n        /** publish-rules **/\n        /*begin-media rules*/\n        @media (max-width: 767px) {\n        h1.u-title\n        {\n        font-size: var(--title-font-size-sm);\n        }\n        }\n        @media (max-width: 575px) {\n        h1.u-title\n        {\n        font-size: var(--title-font-size-xs);\n        }\n        }\n        @media (max-width: 575px) {\n        h2.u-subtitle\n        {\n        font-size: var(--subtitle-font-size-xs);\n        }\n        }\n        @media (max-width: 575px) {\n        h1:not(.u-title)\n        {\n        font-size: var(--h1-font-size-xs);\n        }\n        }\n        @media (max-width: 575px) {\n        h2:not(.u-subtitle)\n        {\n        font-size: var(--h2-font-size-xs);\n        }\n        }\n        @media (max-width: 575px) {\n        h3\n        {\n        font-size: var(--h3-font-size-xs);\n        }\n        }\n        /*end-media rules*/\n        /** publish-rules **/\n\n        \n\n        /** cms-rules **/\n        /*begin-responsive rules*/\n        .u-sm h1.u-title\n        {\n        font-size: var(--title-font-size-sm);\n        }\n        .u-xs h1.u-title\n        {\n        font-size: var(--title-font-size-xs);\n        }\n        .u-xs h2.u-subtitle\n        {\n        font-size: var(--subtitle-font-size-xs);\n        }\n        .u-xs h1:not(.u-title)\n        {\n        font-size: var(--h1-font-size-xs);\n        }\n        .u-xs h2:not(.u-subtitle)\n        {\n        font-size: var(--h2-font-size-xs);\n        }\n        .u-xs h3\n        {\n        font-size: var(--h3-font-size-xs);\n        }\n        /*end-responsive rules*/\n        /** cms-rules **/\n\n        /** color-rules **/\n        .u-overlap.u-overlap-transparent:not(.u-overlap-contrast) .u-header :not(.u-nav-item) > a,\n        .u-gradient > .u-container-layout > a,\n        .u-image:not(.u-shading) > .u-container-layout > a,\n        a\n        {\n        color: var(--hyperlink-color);\n        }\n        .u-overlap.u-overlap-transparent:not(.u-overlap-contrast) .u-header :not(.u-nav-item) > a:hover,\n        .u-gradient > .u-container-layout > a:hover,\n        .u-image:not(.u-shading) > .u-container-layout > a:hover,\n        a:hover\n        {\n        color: var(--hyperlink-hover-color);\n        }\n        .u-overlap.u-overlap-transparent:not(.u-overlap-contrast) .u-header :not(.u-nav-item) > .u-btn,\n        .u-gradient > .u-container-layout > .u-btn,\n        .u-image:not(.u-shading) > .u-container-layout > .u-btn,\n        .u-btn\n        {\n        background-color: var(--button-background-color);\n        color: var(--button-color);\n        }\n        .u-overlap.u-overlap-transparent:not(.u-overlap-contrast) .u-header :not(.u-nav-item) > .u-btn:hover,\n        .u-gradient > .u-container-layout > .u-btn:hover,\n        .u-image:not(.u-shading) > .u-container-layout > .u-btn:hover,\n        .u-btn:hover\n        {\n        background-color: var(--button-hover-background-color);\n        color: var(--button-hover-color);\n        }\n        .u-overlap.u-overlap-transparent:not(.u-overlap-contrast) .u-header :not(.u-nav-item) > .u-btn:focus,\n        .u-gradient > .u-container-layout > .u-btn:focus,\n        .u-image:not(.u-shading) > .u-container-layout > .u-btn:focus,\n        .u-btn:focus\n        {\n        background-color: var(--button-hover-background-color);\n        color: var(--button-hover-color);\n        }\n        .u-overlap.u-overlap-transparent:not(.u-overlap-contrast) .u-header :not(.u-nav-item) > .u-btn:active,\n        .u-gradient > .u-container-layout > .u-btn:active,\n        .u-image:not(.u-shading) > .u-container-layout > .u-btn:active,\n        .u-btn:active\n        {\n        background-color: var(--button-active-background-color);\n        color: var(--button-active-color);\n        }\n        .u-overlap.u-overlap-transparent:not(.u-overlap-contrast) .u-header :not(.u-nav-item) > blockquote,\n        .u-gradient > .u-container-layout > blockquote,\n        .u-image:not(.u-shading) > .u-container-layout > blockquote,\n        blockquote\n        {\n        border-color: var(--blockquote-border-color);\n        }\n        /** color-rules **/\n\n        /** alt-color-rules **/\n        .u-custom-color-1 a,.u-custom-color-2 a,.u-body-color a,.u-palette-1-base a,.u-palette-1-dark-3 a,.u-palette-1-dark-2 a,.u-palette-1-dark-1 a,.u-palette-1 a,.u-palette-1-light-1 a,.u-palette-2-base a,.u-palette-2-dark-3 a,.u-palette-2-dark-2 a,.u-palette-2-dark-1 a,.u-palette-2 a,.u-palette-2-light-1 a,.u-palette-3-base a,.u-palette-3-dark-3 a,.u-palette-3-dark-2 a,.u-palette-3-dark-1 a,.u-palette-3 a,.u-palette-4-base a,.u-palette-4-dark-3 a,.u-palette-4-dark-2 a,.u-palette-4-dark-1 a,.u-palette-4 a,.u-palette-4-light-1 a,.u-palette-5-dark-3 a,.u-palette-5-dark-2 a,.u-palette-5-dark-1 a,.u-grey-40 a,.u-grey-30 a,.u-grey-90 a,.u-grey-80 a,.u-grey-75 a,.u-black a,.u-grey-70 a,.u-grey-60 a,.u-grey-50 a,.u-grey-dark-3 a,.u-grey-dark-2 a,.u-grey-dark-1 a,.u-grey a,.u-shading a,.u-overlap-contrast .u-header a:not(.u-nav-link):not(.u-btn)\n        {\n        color: var(--hyperlink-alt-text-color);\n        }\n        .u-custom-color-1 a:hover,.u-custom-color-2 a:hover,.u-body-color a:hover,.u-palette-1-base a:hover,.u-palette-1-dark-3 a:hover,.u-palette-1-dark-2 a:hover,.u-palette-1-dark-1 a:hover,.u-palette-1 a:hover,.u-palette-1-light-1 a:hover,.u-palette-2-base a:hover,.u-palette-2-dark-3 a:hover,.u-palette-2-dark-2 a:hover,.u-palette-2-dark-1 a:hover,.u-palette-2 a:hover,.u-palette-2-light-1 a:hover,.u-palette-3-base a:hover,.u-palette-3-dark-3 a:hover,.u-palette-3-dark-2 a:hover,.u-palette-3-dark-1 a:hover,.u-palette-3 a:hover,.u-palette-4-base a:hover,.u-palette-4-dark-3 a:hover,.u-palette-4-dark-2 a:hover,.u-palette-4-dark-1 a:hover,.u-palette-4 a:hover,.u-palette-4-light-1 a:hover,.u-palette-5-dark-3 a:hover,.u-palette-5-dark-2 a:hover,.u-palette-5-dark-1 a:hover,.u-grey-40 a:hover,.u-grey-30 a:hover,.u-grey-90 a:hover,.u-grey-80 a:hover,.u-grey-75 a:hover,.u-black a:hover,.u-grey-70 a:hover,.u-grey-60 a:hover,.u-grey-50 a:hover,.u-grey-dark-3 a:hover,.u-grey-dark-2 a:hover,.u-grey-dark-1 a:hover,.u-grey a:hover\n        {\n        color: var(--hyperlink-hover-alt-text-color);\n        }\n        .u-custom-color-1 .u-btn,.u-custom-color-2 .u-btn,.u-body-color .u-btn,.u-palette-1-base .u-btn,.u-palette-1-dark-3 .u-btn,.u-palette-1-dark-2 .u-btn,.u-palette-1-dark-1 .u-btn,.u-palette-1 .u-btn,.u-palette-1-light-1 .u-btn,.u-palette-2-base .u-btn,.u-palette-2-dark-3 .u-btn,.u-palette-2-dark-2 .u-btn,.u-palette-2-dark-1 .u-btn,.u-palette-2 .u-btn,.u-palette-2-light-1 .u-btn,.u-palette-3-base .u-btn,.u-palette-3-dark-3 .u-btn,.u-palette-3-dark-2 .u-btn,.u-palette-3-dark-1 .u-btn,.u-palette-3 .u-btn,.u-palette-4-base .u-btn,.u-palette-4-dark-3 .u-btn,.u-palette-4-dark-2 .u-btn,.u-palette-4-dark-1 .u-btn,.u-palette-4 .u-btn,.u-palette-4-light-1 .u-btn,.u-palette-5-dark-3 .u-btn,.u-palette-5-dark-2 .u-btn,.u-palette-5-dark-1 .u-btn,.u-grey-40 .u-btn,.u-grey-30 .u-btn,.u-grey-90 .u-btn,.u-grey-80 .u-btn,.u-grey-75 .u-btn,.u-black .u-btn,.u-grey-70 .u-btn,.u-grey-60 .u-btn,.u-grey-50 .u-btn,.u-grey-dark-3 .u-btn,.u-grey-dark-2 .u-btn,.u-grey-dark-1 .u-btn,.u-grey .u-btn,.u-shading .u-btn,.u-overlap-contrast .u-header .u-btn\n        {\n        background-color: var(--button-alt-background-color);\n        color: var(--button-alt-color);\n        }\n        .u-custom-color-1 .u-btn:hover,.u-custom-color-2 .u-btn:hover,.u-body-color .u-btn:hover,.u-palette-1-base .u-btn:hover,.u-palette-1-dark-3 .u-btn:hover,.u-palette-1-dark-2 .u-btn:hover,.u-palette-1-dark-1 .u-btn:hover,.u-palette-1 .u-btn:hover,.u-palette-1-light-1 .u-btn:hover,.u-palette-2-base .u-btn:hover,.u-palette-2-dark-3 .u-btn:hover,.u-palette-2-dark-2 .u-btn:hover,.u-palette-2-dark-1 .u-btn:hover,.u-palette-2 .u-btn:hover,.u-palette-2-light-1 .u-btn:hover,.u-palette-3-base .u-btn:hover,.u-palette-3-dark-3 .u-btn:hover,.u-palette-3-dark-2 .u-btn:hover,.u-palette-3-dark-1 .u-btn:hover,.u-palette-3 .u-btn:hover,.u-palette-4-base .u-btn:hover,.u-palette-4-dark-3 .u-btn:hover,.u-palette-4-dark-2 .u-btn:hover,.u-palette-4-dark-1 .u-btn:hover,.u-palette-4 .u-btn:hover,.u-palette-4-light-1 .u-btn:hover,.u-palette-5-dark-3 .u-btn:hover,.u-palette-5-dark-2 .u-btn:hover,.u-palette-5-dark-1 .u-btn:hover,.u-grey-40 .u-btn:hover,.u-grey-30 .u-btn:hover,.u-grey-90 .u-btn:hover,.u-grey-80 .u-btn:hover,.u-grey-75 .u-btn:hover,.u-black .u-btn:hover,.u-grey-70 .u-btn:hover,.u-grey-60 .u-btn:hover,.u-grey-50 .u-btn:hover,.u-grey-dark-3 .u-btn:hover,.u-grey-dark-2 .u-btn:hover,.u-grey-dark-1 .u-btn:hover,.u-grey .u-btn:hover,.u-shading .u-btn:hover,.u-overlap-contrast .u-header .u-btn:hover\n        {\n        background-color: var(--button-hover-alt-background-color);\n        color: var(--button-hover-alt-color);\n        }\n        .u-custom-color-1 .u-btn:active,.u-custom-color-2 .u-btn:active,.u-body-color .u-btn:active,.u-palette-1-base .u-btn:active,.u-palette-1-dark-3 .u-btn:active,.u-palette-1-dark-2 .u-btn:active,.u-palette-1-dark-1 .u-btn:active,.u-palette-1 .u-btn:active,.u-palette-1-light-1 .u-btn:active,.u-palette-2-base .u-btn:active,.u-palette-2-dark-3 .u-btn:active,.u-palette-2-dark-2 .u-btn:active,.u-palette-2-dark-1 .u-btn:active,.u-palette-2 .u-btn:active,.u-palette-2-light-1 .u-btn:active,.u-palette-3-base .u-btn:active,.u-palette-3-dark-3 .u-btn:active,.u-palette-3-dark-2 .u-btn:active,.u-palette-3-dark-1 .u-btn:active,.u-palette-3 .u-btn:active,.u-palette-4-base .u-btn:active,.u-palette-4-dark-3 .u-btn:active,.u-palette-4-dark-2 .u-btn:active,.u-palette-4-dark-1 .u-btn:active,.u-palette-4 .u-btn:active,.u-palette-4-light-1 .u-btn:active,.u-palette-5-dark-3 .u-btn:active,.u-palette-5-dark-2 .u-btn:active,.u-palette-5-dark-1 .u-btn:active,.u-grey-40 .u-btn:active,.u-grey-30 .u-btn:active,.u-grey-90 .u-btn:active,.u-grey-80 .u-btn:active,.u-grey-75 .u-btn:active,.u-black .u-btn:active,.u-grey-70 .u-btn:active,.u-grey-60 .u-btn:active,.u-grey-50 .u-btn:active,.u-grey-dark-3 .u-btn:active,.u-grey-dark-2 .u-btn:active,.u-grey-dark-1 .u-btn:active,.u-grey .u-btn:active,.u-shading .u-btn:active,.u-overlap-contrast .u-header .u-btn:active\n        {\n        background-color: var(--button-active-alt-background-color);\n        color: var(--button-active-alt-color);\n        }\n        /** alt-color-rules **/\n    </style><style id=\"font-scheme\" font-scheme=\"Oswald-OpenSans\" heading-font=\"Oswald,sans-serif\" text-font=\"'Open Sans',sans-serif\">.u-body {\n   --text-font: 'Open Sans',sans-serif;\n   --heading-font: Oswald,sans-serif;\n}</style>","appVersion":"4.10.5","isTrial":false}